"ID","ESTU","PROV","date","year_month","sex","age_group","sector_eu","sector_eu_without","education","indep","ideology","identity","income","work_sit_fact"
"1_1",3113,8,2015-09-30,"2015-09",2,"60-64","Non-tradable sectors",NA,2,1,3,5,NA,"Retired"
"1_1",3191,8,2017-10-02,"2017-10",2,"60-64","Non-tradable sectors",NA,2,0,3,4,7,"Retired"
"1_1",3202,8,2017-12-28,"2017-12",2,"60-64","Non-tradable sectors",NA,2,NA,NA,2,NA,"Retired"
"1_1",3226,8,2018-10-01,"2018-10",2,"60-64","Non-tradable sectors",NA,2,0,3,3,3,"Retired"
"1_2",3113,8,2015-09-30,"2015-09",2,"60-64","Non-tradable sectors",NA,2,0,1,3,5,NA
"1_2",3191,8,2017-10-02,"2017-10",2,"60-64","Non-tradable sectors",NA,2,0,3,5,NA,"Currently working"
"1_2",3202,8,2017-12-28,"2017-12",2,"60-64","Non-tradable sectors",NA,2,1,5,4,NA,"Currently working"
"1_2",3226,8,2018-10-01,"2018-10",2,"60-64","Non-tradable sectors",NA,2,0,4,3,NA,"Currently working"
"100_1",3113,8,2015-09-30,"2015-09",1,"80+","Non-tradable sectors",NA,1,0,5,3,5,"Retired"
"100_1",3191,8,2017-10-02,"2017-10",1,"80+","Non-tradable sectors",NA,1,0,7,2,NA,"Retired"
"100_1",3202,8,2017-12-28,"2017-12",1,"80+","Non-tradable sectors",NA,1,0,7,1,4,"Retired"
"100_1",3226,8,2018-10-01,"2018-10",1,"80+","Non-tradable sectors",NA,1,NA,3,3,4,"Retired"
"101_1",3113,8,2015-09-30,"2015-09",2,"30-34","Non-tradable sectors",NA,2,0,5,3,5,"Currently working"
"101_1",3191,8,2017-10-02,"2017-10",2,"30-34","Non-tradable sectors",NA,2,NA,5,5,NA,"Currently working"
"101_1",3202,8,2017-12-28,"2017-12",2,"30-34","Non-tradable sectors",NA,2,1,4,5,NA,"Currently working"
"101_1",3226,43,2018-10-01,"2018-10",2,"30-34","Non-tradable sectors",NA,2,NA,NA,3,NA,"Unemployed"
"103_1",3113,8,2015-09-30,"2015-09",2,"30-34","Non-tradable sectors",NA,4,1,NA,3,8,"Currently working"
"103_1",3191,8,2017-10-02,"2017-10",2,"30-34","Non-tradable sectors",NA,4,NA,9,3,NA,"Unemployed"
"103_1",3202,8,2017-12-28,"2017-12",2,"30-34","Non-tradable sectors",NA,4,0,3,3,7,"Currently working"
"103_1",3226,8,2018-10-01,"2018-10",2,"30-34","Non-tradable sectors",NA,4,NA,5,3,6,"Currently working"
"103_2",3113,8,2015-09-30,"2015-09",2,"30-34","Non-tradable sectors",NA,4,NA,5,3,4,"Unemployed"
"103_2",3191,8,2017-10-02,"2017-10",2,"30-34","Non-tradable sectors",NA,4,NA,4,4,NA,"Currently working"
"103_2",3202,8,2017-12-28,"2017-12",2,"30-34","Non-tradable sectors",NA,4,1,3,4,6,"Currently working"
"103_2",3226,8,2018-10-01,"2018-10",2,"30-34","Non-tradable sectors",NA,4,0,3,4,NA,"Currently working"
"103_3",3113,8,2015-09-30,"2015-09",2,"30-34","Non-tradable sectors",NA,4,NA,3,3,NA,"Currently working"
"103_3",3191,43,2017-10-02,"2017-10",2,"30-34","Non-tradable sectors",NA,4,0,5,3,8,"Currently working"
"103_3",3202,8,2017-12-28,"2017-12",2,"30-34","Non-tradable sectors",NA,4,1,4,4,7,"Unemployed"
"103_3",3226,8,2018-10-01,"2018-10",2,"30-34","Non-tradable sectors",NA,4,0,6,3,6,"Currently working"
"104_1",3113,8,2015-09-30,"2015-09",1,"30-34","Non-tradable sectors",NA,4,1,1,5,4,"Currently working"
"104_1",3191,8,2017-10-02,"2017-10",1,"30-34","Non-tradable sectors",NA,4,NA,3,4,6,"Currently working"
"104_1",3202,8,2017-12-28,"2017-12",1,"30-34","Non-tradable sectors",NA,4,1,4,3,NA,"Currently working"
"104_1",3226,8,2018-10-01,"2018-10",1,"30-34","Non-tradable sectors",NA,4,NA,NA,NA,3,"Unemployed"
"105_1",3113,8,2015-09-30,"2015-09",2,"30-34","Non-tradable sectors",NA,5,0,5,3,NA,"Currently working"
"105_1",3191,8,2017-10-02,"2017-10",2,"30-34","Non-tradable sectors",NA,5,0,5,1,NA,"Currently working"
"105_1",3202,8,2017-12-28,"2017-12",2,"30-34","Non-tradable sectors",NA,5,1,3,4,7,"Currently working"
"105_1",3226,8,2018-10-01,"2018-10",2,"30-34","Non-tradable sectors",NA,5,1,1,5,8,"Currently working"
"105_2",3113,8,2015-09-30,"2015-09",2,"30-34","Non-tradable sectors",NA,5,1,1,NA,6,"Currently working"
"105_2",3191,25,2017-10-02,"2017-10",2,"30-34","Non-tradable sectors",NA,5,1,3,4,9,"Currently working"
"105_2",3202,8,2017-12-28,"2017-12",2,"30-34","Non-tradable sectors",NA,5,1,6,5,6,"Currently working"
"105_2",3226,8,2018-10-01,"2018-10",2,"30-34","Non-tradable sectors",NA,5,0,3,NA,NA,"Currently working"
"105_3",3113,8,2015-09-30,"2015-09",2,"30-34","Non-tradable sectors",NA,5,1,4,4,NA,"Currently working"
"105_3",3191,43,2017-10-02,"2017-10",2,"30-34","Non-tradable sectors",NA,5,NA,4,5,7,"Currently working"
"105_3",3202,8,2017-12-28,"2017-12",2,"30-34","Non-tradable sectors",NA,5,0,1,3,8,"Currently working"
"105_3",3226,8,2018-10-01,"2018-10",2,"30-34","Non-tradable sectors",NA,5,NA,3,5,NA,"Currently working"
"106_1",3113,8,2015-09-30,"2015-09",1,"30-34","Non-tradable sectors",NA,5,0,2,3,10,"Currently working"
"106_1",3191,17,2017-10-02,"2017-10",1,"30-34","Non-tradable sectors",NA,5,0,1,5,7,"Currently working"
"106_1",3202,8,2017-12-28,"2017-12",1,"30-34","Non-tradable sectors",NA,5,0,3,1,NA,"Currently working"
"106_1",3226,8,2018-10-01,"2018-10",1,"30-34","Non-tradable sectors",NA,5,1,1,3,7,"Currently working"
"106_2",3113,8,2015-09-30,"2015-09",1,"30-34","Non-tradable sectors",NA,5,1,2,5,9,"Currently working"
"106_2",3191,25,2017-10-02,"2017-10",1,"30-34","Non-tradable sectors",NA,5,1,2,4,10,"Currently working"
"106_2",3202,8,2017-12-28,"2017-12",1,"30-34","Non-tradable sectors",NA,5,0,4,4,9,"Currently working"
"106_2",3226,25,2018-10-01,"2018-10",1,"30-34","Non-tradable sectors",NA,5,1,5,4,6,"Currently working"
"107_1",3113,8,2015-09-30,"2015-09",2,"30-34","Non-tradable sectors",NA,3,0,8,2,NA,"Currently working"
"107_1",3191,8,2017-10-02,"2017-10",2,"30-34","Non-tradable sectors",NA,3,0,7,1,NA,"Currently working"
"107_1",3202,8,2017-12-28,"2017-12",2,"30-34","Non-tradable sectors",NA,3,1,3,5,9,"Currently working"
"107_1",3226,8,2018-10-01,"2018-10",2,"30-34","Non-tradable sectors",NA,3,NA,4,3,NA,"Currently working"
"107_2",3113,8,2015-09-30,"2015-09",2,"30-34","Non-tradable sectors",NA,3,0,1,1,NA,"Currently working"
"107_2",3191,8,2017-10-02,"2017-10",2,"30-34","Non-tradable sectors",NA,3,0,3,4,NA,"Currently working"
"107_2",3202,8,2017-12-28,"2017-12",2,"30-34","Non-tradable sectors",NA,3,0,2,4,NA,"Currently working"
"107_2",3226,8,2018-10-01,"2018-10",2,"30-34","Non-tradable sectors",NA,3,0,5,3,NA,"Currently working"
"107_3",3113,8,2015-09-30,"2015-09",2,"30-34","Non-tradable sectors",NA,3,NA,3,3,NA,"Currently working"
"107_3",3191,43,2017-10-02,"2017-10",2,"30-34","Non-tradable sectors",NA,3,NA,2,3,NA,"Currently working"
"107_3",3202,17,2017-12-28,"2017-12",2,"30-34","Non-tradable sectors",NA,3,NA,3,3,7,"Currently working"
"107_3",3226,8,2018-10-01,"2018-10",2,"30-34","Non-tradable sectors",NA,3,0,2,4,NA,"Currently working"
"11_1",3113,8,2015-09-30,"2015-09",2,"25-29","Non-tradable sectors",NA,2,1,3,5,6,"Currently working"
"11_1",3191,8,2017-10-02,"2017-10",2,"25-29","Non-tradable sectors",NA,2,0,5,3,NA,"Currently working"
"11_1",3202,8,2017-12-28,"2017-12",2,"25-29","Non-tradable sectors",NA,2,0,5,3,NA,"Unemployed"
"11_1",3226,8,2018-10-01,"2018-10",2,"25-29","Non-tradable sectors",NA,2,NA,NA,3,1,"Unemployed"
"111_1",3113,8,2015-09-30,"2015-09",2,"75-79","Non-tradable sectors",NA,2,NA,6,2,7,"Retired"
"111_1",3191,8,2017-10-02,"2017-10",2,"75-79","Non-tradable sectors",NA,2,1,5,5,5,"Retired"
"111_1",3202,17,2017-12-28,"2017-12",2,"75-79","Non-tradable sectors",NA,2,1,6,4,5,"Retired"
"111_1",3226,17,2018-10-01,"2018-10",2,"75-79","Non-tradable sectors",NA,2,NA,6,2,1,"Retired"
"119_1",3113,8,2015-09-30,"2015-09",2,"75-79","Non-tradable sectors",NA,1,0,6,1,5,"Retired"
"119_1",3191,8,2017-10-02,"2017-10",2,"75-79","Non-tradable sectors",NA,1,1,5,4,7,"Retired"
"119_1",3202,8,2017-12-28,"2017-12",2,"75-79","Non-tradable sectors",NA,1,1,5,4,5,"Retired"
"119_1",3226,8,2018-10-01,"2018-10",2,"75-79","Non-tradable sectors",NA,1,1,2,5,NA,NA
"119_2",3113,8,2015-09-30,"2015-09",2,"75-79","Non-tradable sectors",NA,1,0,3,1,5,NA
"119_2",3191,8,2017-10-02,"2017-10",2,"75-79","Non-tradable sectors",NA,1,0,3,3,NA,"Retired"
"119_2",3202,8,2017-12-28,"2017-12",2,"75-79","Non-tradable sectors",NA,1,0,7,3,6,"Retired"
"119_2",3226,8,2018-10-01,"2018-10",2,"75-79","Non-tradable sectors",NA,1,NA,NA,3,NA,"Retired"
"12_1",3113,8,2015-09-30,"2015-09",1,"25-29","Non-tradable sectors",NA,2,0,4,3,8,"Currently working"
"12_1",3191,8,2017-10-02,"2017-10",1,"25-29","Non-tradable sectors",NA,2,0,3,4,7,"Currently working"
"12_1",3202,8,2017-12-28,"2017-12",1,"25-29","Non-tradable sectors",NA,2,1,3,5,NA,"Currently working"
"12_1",3226,8,2018-10-01,"2018-10",1,"25-29","Non-tradable sectors",NA,2,NA,NA,NA,NA,"Currently working"
"120_1",3113,8,2015-09-30,"2015-09",1,"75-79","Non-tradable sectors",NA,1,1,5,4,NA,"Retired"
"120_1",3191,8,2017-10-02,"2017-10",1,"75-79","Non-tradable sectors",NA,1,NA,NA,3,5,"Retired"
"120_1",3202,8,2017-12-28,"2017-12",1,"75-79","Non-tradable sectors",NA,1,0,9,1,4,"Retired"
"120_1",3226,8,2018-10-01,"2018-10",1,"75-79","Non-tradable sectors",NA,1,0,3,4,NA,"Retired"
"127_1",3113,43,2015-09-30,"2015-09",2,"70-74","Non-tradable sectors",NA,3,NA,6,4,5,"Retired"
"127_1",3191,43,2017-10-02,"2017-10",2,"70-74","Non-tradable sectors",NA,3,1,6,4,4,"Retired"
"127_1",3202,43,2017-12-28,"2017-12",2,"70-74","Non-tradable sectors",NA,3,NA,NA,5,NA,"Retired"
"127_1",3226,8,2018-10-01,"2018-10",2,"70-74","Non-tradable sectors",NA,3,0,NA,3,NA,"Retired"
"128_1",3113,43,2015-09-30,"2015-09",1,"70-74","Non-tradable sectors",NA,3,1,NA,5,5,"Retired"
"128_1",3191,8,2017-10-02,"2017-10",1,"70-74","Non-tradable sectors",NA,3,1,6,5,5,"Retired"
"128_1",3202,8,2017-12-28,"2017-12",1,"70-74","Non-tradable sectors",NA,3,1,5,5,NA,"Retired"
"128_1",3226,8,2018-10-01,"2018-10",1,"70-74","Non-tradable sectors",NA,3,1,5,5,7,"Retired"
"129_1",3113,8,2015-09-30,"2015-09",2,"70-74","Non-tradable sectors",NA,1,1,5,4,NA,"Retired"
"129_1",3191,43,2017-10-02,"2017-10",2,"70-74","Non-tradable sectors",NA,1,0,4,1,NA,NA
"129_1",3202,8,2017-12-28,"2017-12",2,"70-74","Non-tradable sectors",NA,1,1,4,4,NA,"Retired"
"129_1",3226,8,2018-10-01,"2018-10",2,"70-74","Non-tradable sectors",NA,1,NA,4,4,4,"Retired"
"13_1",3113,8,2015-09-30,"2015-09",2,"25-29","Non-tradable sectors",NA,4,0,5,3,7,"Currently working"
"13_1",3191,8,2017-10-02,"2017-10",2,"25-29","Non-tradable sectors",NA,4,NA,NA,5,3,"Currently working"
"13_1",3202,8,2017-12-28,"2017-12",2,"25-29","Non-tradable sectors",NA,4,0,5,3,NA,"Currently working"
"13_1",3226,8,2018-10-01,"2018-10",2,"25-29","Non-tradable sectors",NA,4,NA,NA,3,NA,"Currently working"
"13_2",3113,8,2015-09-30,"2015-09",2,"25-29","Non-tradable sectors",NA,4,0,1,2,NA,"Currently working"
"13_2",3191,17,2017-10-02,"2017-10",2,"25-29","Non-tradable sectors",NA,4,NA,NA,NA,5,"Currently working"
"13_2",3202,8,2017-12-28,"2017-12",2,"25-29","Non-tradable sectors",NA,4,1,2,3,NA,"Currently working"
"13_2",3226,8,2018-10-01,"2018-10",2,"25-29","Non-tradable sectors",NA,4,1,1,5,7,"Currently working"
"130_1",3113,8,2015-09-30,"2015-09",1,"70-74","Non-tradable sectors",NA,1,0,6,2,7,"Retired"
"130_1",3191,8,2017-10-02,"2017-10",1,"70-74","Non-tradable sectors",NA,1,NA,5,5,5,"Retired"
"130_1",3202,8,2017-12-28,"2017-12",1,"70-74","Non-tradable sectors",NA,1,0,3,1,6,"Retired"
"130_1",3226,8,2018-10-01,"2018-10",1,"70-74","Non-tradable sectors",NA,1,0,5,NA,NA,"Retired"
"130_2",3113,8,2015-09-30,"2015-09",1,"70-74","Non-tradable sectors",NA,1,NA,NA,1,4,"Retired"
"130_2",3191,8,2017-10-02,"2017-10",1,"70-74","Non-tradable sectors",NA,1,0,NA,2,NA,"Retired"
"130_2",3202,8,2017-12-28,"2017-12",1,"70-74","Non-tradable sectors",NA,1,0,7,3,4,"Retired"
"130_2",3226,8,2018-10-01,"2018-10",1,"70-74","Non-tradable sectors",NA,1,NA,7,3,4,"Retired"
"130_3",3113,8,2015-09-30,"2015-09",1,"70-74","Non-tradable sectors",NA,1,0,3,1,6,"Retired"
"130_3",3191,8,2017-10-02,"2017-10",1,"70-74","Non-tradable sectors",NA,1,0,8,2,NA,"Retired"
"130_3",3202,8,2017-12-28,"2017-12",1,"70-74","Non-tradable sectors",NA,1,1,7,4,4,"Retired"
"130_3",3226,8,2018-10-01,"2018-10",1,"70-74","Non-tradable sectors",NA,1,NA,NA,3,NA,"Retired"
"130_4",3113,8,2015-09-30,"2015-09",1,"70-74","Non-tradable sectors",NA,1,0,3,1,5,"Retired"
"130_4",3191,8,2017-10-02,"2017-10",1,"70-74","Non-tradable sectors",NA,1,NA,5,3,NA,"Retired"
"130_4",3202,8,2017-12-28,"2017-12",1,"70-74","Non-tradable sectors",NA,1,1,4,5,NA,"Retired"
"130_4",3226,8,2018-10-01,"2018-10",1,"70-74","Non-tradable sectors",NA,1,0,7,3,NA,"Retired"
"130_5",3113,8,2015-09-30,"2015-09",1,"70-74","Non-tradable sectors",NA,1,0,5,3,NA,"Retired"
"130_5",3191,8,2017-10-02,"2017-10",1,"70-74","Non-tradable sectors",NA,1,0,5,2,NA,"Retired"
"130_5",3202,8,2017-12-28,"2017-12",1,"70-74","Non-tradable sectors",NA,1,0,7,2,6,"Retired"
"130_5",3226,8,2018-10-01,"2018-10",1,"70-74","Non-tradable sectors",NA,1,0,4,3,3,"Retired"
"14_1",3113,8,2015-09-30,"2015-09",1,"25-29","Non-tradable sectors",NA,4,0,5,3,6,"Currently working"
"14_1",3191,8,2017-10-02,"2017-10",1,"25-29","Non-tradable sectors",NA,4,NA,2,NA,6,"Currently working"
"14_1",3202,8,2017-12-28,"2017-12",1,"25-29","Non-tradable sectors",NA,4,NA,5,NA,7,"Unemployed"
"14_1",3226,8,2018-10-01,"2018-10",1,"25-29","Non-tradable sectors",NA,4,0,5,4,6,"Currently working"
"14_2",3113,8,2015-09-30,"2015-09",1,"25-29","Non-tradable sectors",NA,4,1,2,5,NA,"Currently working"
"14_2",3191,8,2017-10-02,"2017-10",1,"25-29","Non-tradable sectors",NA,4,NA,5,3,NA,"Currently working"
"14_2",3202,8,2017-12-28,"2017-12",1,"25-29","Non-tradable sectors",NA,4,NA,5,3,7,"Currently working"
"14_2",3226,8,2018-10-01,"2018-10",1,"25-29","Non-tradable sectors",NA,4,0,NA,3,NA,NA
"14_3",3113,8,2015-09-30,"2015-09",1,"25-29","Non-tradable sectors",NA,4,1,NA,3,NA,"Currently working"
"14_3",3191,17,2017-10-02,"2017-10",1,"25-29","Non-tradable sectors",NA,4,0,1,5,7,"Currently working"
"14_3",3202,8,2017-12-28,"2017-12",1,"25-29","Non-tradable sectors",NA,4,0,7,3,NA,"Currently working"
"14_3",3226,8,2018-10-01,"2018-10",1,"25-29","Non-tradable sectors",NA,4,0,5,1,4,"Currently working"
"146_1",3113,25,2015-09-30,"2015-09",1,"25-29","Export-oriented sectors","Export-oriented sectors",5,1,4,4,NA,"Currently working"
"146_1",3191,8,2017-10-02,"2017-10",1,"25-29","Export-oriented sectors","Export-oriented sectors",5,NA,3,5,NA,"Unemployed"
"146_1",3202,8,2017-12-28,"2017-12",1,"25-29","Export-oriented sectors","Export-oriented sectors",5,0,2,4,NA,"Currently working"
"146_1",3226,25,2018-10-01,"2018-10",1,"25-29","Export-oriented sectors","Export-oriented sectors",5,1,2,4,3,"Currently working"
"15_1",3113,8,2015-09-30,"2015-09",2,"25-29","Non-tradable sectors",NA,5,0,5,3,NA,"Currently working"
"15_1",3191,8,2017-10-02,"2017-10",2,"25-29","Non-tradable sectors",NA,5,1,3,5,NA,"Unemployed"
"15_1",3202,8,2017-12-28,"2017-12",2,"25-29","Non-tradable sectors",NA,5,1,2,4,5,"Currently working"
"15_1",3226,25,2018-10-01,"2018-10",2,"25-29","Non-tradable sectors",NA,5,1,3,4,NA,"Currently working"
"16_1",3113,8,2015-09-30,"2015-09",1,"25-29","Non-tradable sectors",NA,5,0,5,NA,NA,"Currently working"
"16_1",3191,8,2017-10-02,"2017-10",1,"25-29","Non-tradable sectors",NA,5,0,8,2,NA,"Currently working"
"16_1",3202,8,2017-12-28,"2017-12",1,"25-29","Non-tradable sectors",NA,5,1,1,5,NA,"Currently working"
"16_1",3226,8,2018-10-01,"2018-10",1,"25-29","Non-tradable sectors",NA,5,1,3,3,5,"Currently working"
"164_1",3113,8,2015-09-30,"2015-09",1,"40-44","Export-oriented sectors","Export-oriented sectors",4,1,4,5,6,"Currently working"
"164_1",3191,8,2017-10-02,"2017-10",1,"40-44","Export-oriented sectors","Export-oriented sectors",4,NA,2,4,NA,"Currently working"
"164_1",3202,8,2017-12-28,"2017-12",1,"40-44","Export-oriented sectors","Export-oriented sectors",4,NA,3,4,NA,"Currently working"
"164_1",3226,8,2018-10-01,"2018-10",1,"40-44","Export-oriented sectors","Export-oriented sectors",4,NA,3,3,5,"Currently working"
"17_1",3113,8,2015-09-30,"2015-09",2,"25-29","Non-tradable sectors",NA,3,1,3,4,NA,"Currently working"
"17_1",3191,8,2017-10-02,"2017-10",2,"25-29","Non-tradable sectors",NA,3,NA,NA,1,NA,"Unemployed"
"17_1",3202,8,2017-12-28,"2017-12",2,"25-29","Non-tradable sectors",NA,3,0,1,NA,7,"Currently working"
"17_1",3226,8,2018-10-01,"2018-10",2,"25-29","Non-tradable sectors",NA,3,0,3,4,4,"Currently working"
"20_1",3113,8,2015-09-30,"2015-09",1,"25-29","Non-tradable sectors",NA,1,NA,NA,2,5,"Currently working"
"20_1",3191,8,2017-10-02,"2017-10",1,"25-29","Non-tradable sectors",NA,1,NA,NA,1,4,"Unemployed"
"20_1",3202,25,2017-12-28,"2017-12",1,"25-29","Non-tradable sectors",NA,1,1,3,4,NA,"Currently working"
"20_1",3226,8,2018-10-01,"2018-10",1,"25-29","Non-tradable sectors",NA,1,NA,6,NA,1,"Unemployed"
"22_1",3113,17,2015-09-30,"2015-09",1,"65-69","Non-tradable sectors",NA,2,1,1,5,9,"Retired"
"22_1",3191,17,2017-10-02,"2017-10",1,"65-69","Non-tradable sectors",NA,2,NA,4,3,NA,"Retired"
"22_1",3202,8,2017-12-28,"2017-12",1,"65-69","Non-tradable sectors",NA,2,1,5,5,NA,"Retired"
"22_1",3226,8,2018-10-01,"2018-10",1,"65-69","Non-tradable sectors",NA,2,0,6,2,7,"Currently working"
"236_1",3113,8,2015-09-30,"2015-09",1,"30-34","Export-oriented sectors","Export-oriented sectors",5,0,2,3,7,"Currently working"
"236_1",3191,8,2017-10-02,"2017-10",1,"30-34","Export-oriented sectors","Export-oriented sectors",5,NA,4,3,9,"Currently working"
"236_1",3202,8,2017-12-28,"2017-12",1,"30-34","Export-oriented sectors","Export-oriented sectors",5,1,2,5,NA,"Currently working"
"236_1",3226,8,2018-10-01,"2018-10",1,"30-34","Export-oriented sectors","Export-oriented sectors",5,0,3,4,5,"Currently working"
"25_1",3113,8,2015-09-30,"2015-09",2,"65-69","Non-tradable sectors",NA,5,0,5,4,7,"Retired"
"25_1",3191,8,2017-10-02,"2017-10",2,"65-69","Non-tradable sectors",NA,5,NA,5,3,NA,"Retired"
"25_1",3202,8,2017-12-28,"2017-12",2,"65-69","Non-tradable sectors",NA,5,1,3,5,NA,"Retired"
"25_1",3226,8,2018-10-01,"2018-10",2,"65-69","Non-tradable sectors",NA,5,1,1,5,6,"Retired"
"26_1",3113,8,2015-09-30,"2015-09",1,"65-69","Non-tradable sectors",NA,5,0,NA,3,6,"Retired"
"26_1",3191,8,2017-10-02,"2017-10",1,"65-69","Non-tradable sectors",NA,5,0,5,2,NA,"Retired"
"26_1",3202,8,2017-12-28,"2017-12",1,"65-69","Non-tradable sectors",NA,5,1,1,4,NA,"Retired"
"26_1",3226,8,2018-10-01,"2018-10",1,"65-69","Non-tradable sectors",NA,5,1,2,4,NA,"Retired"
"26_2",3113,8,2015-09-30,"2015-09",1,"65-69","Non-tradable sectors",NA,5,NA,2,3,9,"Currently working"
"26_2",3191,43,2017-10-02,"2017-10",1,"65-69","Non-tradable sectors",NA,5,0,5,3,5,"Retired"
"26_2",3202,8,2017-12-28,"2017-12",1,"65-69","Non-tradable sectors",NA,5,1,2,5,9,"Retired"
"26_2",3226,8,2018-10-01,"2018-10",1,"65-69","Non-tradable sectors",NA,5,NA,4,4,NA,"Retired"
"261_1",3113,25,2015-09-30,"2015-09",2,"60-64","Import-oriented sectors","Import-oriented sectors",2,0,5,3,5,"Unemployed"
"261_1",3191,8,2017-10-02,"2017-10",2,"60-64","Import-oriented sectors","Import-oriented sectors",2,1,4,5,NA,"Currently working"
"261_1",3202,8,2017-12-28,"2017-12",2,"60-64","Import-oriented sectors","Import-oriented sectors",2,NA,NA,3,6,NA
"261_1",3226,8,2018-10-01,"2018-10",2,"60-64","Import-oriented sectors","Import-oriented sectors",2,NA,NA,3,NA,"Retired"
"269_1",3113,8,2015-09-30,"2015-09",2,"60-64","Import-oriented sectors","Import-oriented sectors",1,0,8,3,4,NA
"269_1",3191,8,2017-10-02,"2017-10",2,"60-64","Import-oriented sectors","Import-oriented sectors",1,NA,3,4,4,"Retired"
"269_1",3202,8,2017-12-28,"2017-12",2,"60-64","Import-oriented sectors","Import-oriented sectors",1,0,7,3,NA,"Retired"
"269_1",3226,8,2018-10-01,"2018-10",2,"60-64","Import-oriented sectors","Import-oriented sectors",1,0,7,3,NA,"Unemployed"
"269_2",3113,8,2015-09-30,"2015-09",2,"60-64","Import-oriented sectors","Import-oriented sectors",1,NA,4,1,6,"Unemployed"
"269_2",3191,8,2017-10-02,"2017-10",2,"60-64","Import-oriented sectors","Import-oriented sectors",1,1,5,4,NA,NA
"269_2",3202,8,2017-12-28,"2017-12",2,"60-64","Import-oriented sectors","Import-oriented sectors",1,0,4,3,4,"Retired"
"269_2",3226,8,2018-10-01,"2018-10",2,"60-64","Import-oriented sectors","Import-oriented sectors",1,1,3,5,1,NA
"269_3",3113,8,2015-09-30,"2015-09",2,"60-64","Import-oriented sectors","Import-oriented sectors",1,0,5,4,NA,NA
"269_3",3191,8,2017-10-02,"2017-10",2,"60-64","Import-oriented sectors","Import-oriented sectors",1,NA,3,4,NA,NA
"269_3",3202,8,2017-12-28,"2017-12",2,"60-64","Import-oriented sectors","Import-oriented sectors",1,1,6,3,6,"Retired"
"269_3",3226,8,2018-10-01,"2018-10",2,"60-64","Import-oriented sectors","Import-oriented sectors",1,0,5,3,2,"Unemployed"
"269_4",3113,8,2015-09-30,"2015-09",2,"60-64","Import-oriented sectors","Import-oriented sectors",1,0,NA,3,NA,"Retired"
"269_4",3191,43,2017-10-02,"2017-10",2,"60-64","Import-oriented sectors","Import-oriented sectors",1,0,5,1,3,"Unemployed"
"269_4",3202,8,2017-12-28,"2017-12",2,"60-64","Import-oriented sectors","Import-oriented sectors",1,1,3,5,NA,"Retired"
"269_4",3226,8,2018-10-01,"2018-10",2,"60-64","Import-oriented sectors","Import-oriented sectors",1,0,NA,1,4,"Retired"
"270_1",3113,8,2015-09-30,"2015-09",1,"60-64","Import-oriented sectors","Import-oriented sectors",1,0,5,3,NA,"Retired"
"270_1",3191,8,2017-10-02,"2017-10",1,"60-64","Import-oriented sectors","Import-oriented sectors",1,0,10,1,NA,"Retired"
"270_1",3202,8,2017-12-28,"2017-12",1,"60-64","Import-oriented sectors","Import-oriented sectors",1,0,3,4,NA,"Retired"
"270_1",3226,8,2018-10-01,"2018-10",1,"60-64","Import-oriented sectors","Import-oriented sectors",1,0,1,3,4,"Currently working"
"273_1",3113,8,2015-09-30,"2015-09",2,"25-29","Import-oriented sectors","Import-oriented sectors",4,0,2,4,NA,"Currently working"
"273_1",3191,17,2017-10-02,"2017-10",2,"25-29","Import-oriented sectors","Import-oriented sectors",4,NA,NA,NA,NA,"Currently working"
"273_1",3202,8,2017-12-28,"2017-12",2,"25-29","Import-oriented sectors","Import-oriented sectors",4,0,7,3,NA,NA
"273_1",3226,8,2018-10-01,"2018-10",2,"25-29","Import-oriented sectors","Import-oriented sectors",4,0,NA,3,5,"Currently working"
"28_1",3113,8,2015-09-30,"2015-09",1,"65-69","Non-tradable sectors",NA,3,1,6,4,8,"Retired"
"28_1",3191,8,2017-10-02,"2017-10",1,"65-69","Non-tradable sectors",NA,3,1,5,4,NA,"Retired"
"28_1",3202,8,2017-12-28,"2017-12",1,"65-69","Non-tradable sectors",NA,3,1,2,4,NA,"Retired"
"28_1",3226,8,2018-10-01,"2018-10",1,"65-69","Non-tradable sectors",NA,3,1,6,5,NA,"Retired"
"28_2",3113,8,2015-09-30,"2015-09",1,"65-69","Non-tradable sectors",NA,3,1,6,5,NA,"Retired"
"28_2",3191,8,2017-10-02,"2017-10",1,"65-69","Non-tradable sectors",NA,3,NA,5,4,6,"Retired"
"28_2",3202,8,2017-12-28,"2017-12",1,"65-69","Non-tradable sectors",NA,3,1,3,5,NA,"Retired"
"28_2",3226,17,2018-10-01,"2018-10",1,"65-69","Non-tradable sectors",NA,3,1,2,5,5,"Retired"
"289_1",3113,8,2015-09-30,"2015-09",2,"65-69","Import-oriented sectors","Import-oriented sectors",1,NA,5,3,NA,"Retired"
"289_1",3191,8,2017-10-02,"2017-10",2,"65-69","Import-oriented sectors","Import-oriented sectors",1,0,2,3,6,"Retired"
"289_1",3202,8,2017-12-28,"2017-12",2,"65-69","Import-oriented sectors","Import-oriented sectors",1,0,NA,3,NA,"Retired"
"289_1",3226,8,2018-10-01,"2018-10",2,"65-69","Import-oriented sectors","Import-oriented sectors",1,0,5,3,3,"Retired"
"289_2",3113,8,2015-09-30,"2015-09",2,"65-69","Import-oriented sectors","Import-oriented sectors",1,NA,7,4,NA,"Retired"
"289_2",3191,8,2017-10-02,"2017-10",2,"65-69","Import-oriented sectors","Import-oriented sectors",1,0,3,4,4,"Retired"
"289_2",3202,8,2017-12-28,"2017-12",2,"65-69","Import-oriented sectors","Import-oriented sectors",1,0,6,3,5,NA
"289_2",3226,8,2018-10-01,"2018-10",2,"65-69","Import-oriented sectors","Import-oriented sectors",1,NA,NA,3,3,"Retired"
"29_1",3113,8,2015-09-30,"2015-09",2,"65-69","Non-tradable sectors",NA,1,0,4,1,NA,"Retired"
"29_1",3191,8,2017-10-02,"2017-10",2,"65-69","Non-tradable sectors",NA,1,0,4,3,6,"Retired"
"29_1",3202,8,2017-12-28,"2017-12",2,"65-69","Non-tradable sectors",NA,1,0,NA,3,5,"Retired"
"29_1",3226,8,2018-10-01,"2018-10",2,"65-69","Non-tradable sectors",NA,1,NA,NA,5,NA,"Retired"
"29_2",3113,8,2015-09-30,"2015-09",2,"65-69","Non-tradable sectors",NA,1,0,5,3,NA,"Retired"
"29_2",3191,8,2017-10-02,"2017-10",2,"65-69","Non-tradable sectors",NA,1,0,NA,3,7,"Retired"
"29_2",3202,8,2017-12-28,"2017-12",2,"65-69","Non-tradable sectors",NA,1,0,4,3,6,"Retired"
"29_2",3226,8,2018-10-01,"2018-10",2,"65-69","Non-tradable sectors",NA,1,NA,5,3,NA,"Retired"
"29_3",3113,8,2015-09-30,"2015-09",2,"65-69","Non-tradable sectors",NA,1,0,5,1,6,NA
"29_3",3191,8,2017-10-02,"2017-10",2,"65-69","Non-tradable sectors",NA,1,0,4,1,NA,"Retired"
"29_3",3202,8,2017-12-28,"2017-12",2,"65-69","Non-tradable sectors",NA,1,NA,NA,4,NA,"Retired"
"29_3",3226,8,2018-10-01,"2018-10",2,"65-69","Non-tradable sectors",NA,1,0,5,3,4,"Retired"
"29_4",3113,8,2015-09-30,"2015-09",2,"65-69","Non-tradable sectors",NA,1,0,5,3,5,NA
"29_4",3191,8,2017-10-02,"2017-10",2,"65-69","Non-tradable sectors",NA,1,0,5,3,NA,"Currently working"
"29_4",3202,8,2017-12-28,"2017-12",2,"65-69","Non-tradable sectors",NA,1,0,4,3,NA,"Currently working"
"29_4",3226,8,2018-10-01,"2018-10",2,"65-69","Non-tradable sectors",NA,1,1,3,5,4,"Retired"
"29_5",3113,8,2015-09-30,"2015-09",2,"65-69","Non-tradable sectors",NA,1,NA,4,3,5,NA
"29_5",3191,43,2017-10-02,"2017-10",2,"65-69","Non-tradable sectors",NA,1,0,3,3,5,"Retired"
"29_5",3202,8,2017-12-28,"2017-12",2,"65-69","Non-tradable sectors",NA,1,0,4,2,6,"Retired"
"29_5",3226,8,2018-10-01,"2018-10",2,"65-69","Non-tradable sectors",NA,1,0,4,5,1,NA
"29_6",3113,8,2015-09-30,"2015-09",2,"65-69","Non-tradable sectors",NA,1,1,1,5,8,"Retired"
"29_6",3191,43,2017-10-02,"2017-10",2,"65-69","Non-tradable sectors",NA,1,0,3,3,5,"Retired"
"29_6",3202,8,2017-12-28,"2017-12",2,"65-69","Non-tradable sectors",NA,1,0,1,3,7,"Retired"
"29_6",3226,25,2018-10-01,"2018-10",2,"65-69","Non-tradable sectors",NA,1,1,1,5,5,"Retired"
"290_1",3113,8,2015-09-30,"2015-09",1,"65-69","Import-oriented sectors","Import-oriented sectors",1,NA,5,2,6,"Retired"
"290_1",3191,8,2017-10-02,"2017-10",1,"65-69","Import-oriented sectors","Import-oriented sectors",1,0,2,3,6,"Retired"
"290_1",3202,8,2017-12-28,"2017-12",1,"65-69","Import-oriented sectors","Import-oriented sectors",1,0,5,3,5,"Retired"
"290_1",3226,8,2018-10-01,"2018-10",1,"65-69","Import-oriented sectors","Import-oriented sectors",1,0,5,1,5,"Retired"
"292_1",3113,8,2015-09-30,"2015-09",1,"40-44","Import-oriented sectors","Import-oriented sectors",2,1,8,5,5,"Currently working"
"292_1",3191,17,2017-10-02,"2017-10",1,"40-44","Import-oriented sectors","Import-oriented sectors",2,1,2,5,NA,"Currently working"
"292_1",3202,8,2017-12-28,"2017-12",1,"40-44","Import-oriented sectors","Import-oriented sectors",2,1,5,4,3,"Unemployed"
"292_1",3226,25,2018-10-01,"2018-10",1,"40-44","Import-oriented sectors","Import-oriented sectors",2,1,1,5,NA,"Currently working"
"293_1",3113,8,2015-09-30,"2015-09",2,"40-44","Import-oriented sectors","Import-oriented sectors",4,NA,NA,3,NA,NA
"293_1",3191,8,2017-10-02,"2017-10",2,"40-44","Import-oriented sectors","Import-oriented sectors",4,0,6,3,7,"Unemployed"
"293_1",3202,8,2017-12-28,"2017-12",2,"40-44","Import-oriented sectors","Import-oriented sectors",4,1,2,5,6,"Currently working"
"293_1",3226,8,2018-10-01,"2018-10",2,"40-44","Import-oriented sectors","Import-oriented sectors",4,1,1,5,NA,NA
"294_1",3113,8,2015-09-30,"2015-09",1,"40-44","Import-oriented sectors","Import-oriented sectors",4,1,1,4,7,"Currently working"
"294_1",3191,8,2017-10-02,"2017-10",1,"40-44","Import-oriented sectors","Import-oriented sectors",4,NA,5,3,7,"Currently working"
"294_1",3202,8,2017-12-28,"2017-12",1,"40-44","Import-oriented sectors","Import-oriented sectors",4,0,5,3,7,"Currently working"
"294_1",3226,8,2018-10-01,"2018-10",1,"40-44","Import-oriented sectors","Import-oriented sectors",4,0,5,3,NA,"Currently working"
"295_1",3113,8,2015-09-30,"2015-09",2,"40-44","Import-oriented sectors","Import-oriented sectors",5,1,4,4,9,"Currently working"
"295_1",3191,8,2017-10-02,"2017-10",2,"40-44","Import-oriented sectors","Import-oriented sectors",5,0,5,4,8,"Currently working"
"295_1",3202,8,2017-12-28,"2017-12",2,"40-44","Import-oriented sectors","Import-oriented sectors",5,0,1,4,NA,"Unemployed"
"295_1",3226,8,2018-10-01,"2018-10",2,"40-44","Import-oriented sectors","Import-oriented sectors",5,1,4,4,NA,"Currently working"
"295_2",3113,8,2015-09-30,"2015-09",2,"40-44","Import-oriented sectors","Import-oriented sectors",5,1,6,5,8,NA
"295_2",3191,17,2017-10-02,"2017-10",2,"40-44","Import-oriented sectors","Import-oriented sectors",5,0,3,4,NA,"Currently working"
"295_2",3202,8,2017-12-28,"2017-12",2,"40-44","Import-oriented sectors","Import-oriented sectors",5,1,3,4,8,"Currently working"
"295_2",3226,43,2018-10-01,"2018-10",2,"40-44","Import-oriented sectors","Import-oriented sectors",5,NA,3,5,6,"Currently working"
"302_1",3113,8,2015-09-30,"2015-09",1,"35-39","Import-oriented sectors","Import-oriented sectors",2,1,1,4,5,"Unemployed"
"302_1",3191,43,2017-10-02,"2017-10",1,"35-39","Import-oriented sectors","Import-oriented sectors",2,0,3,4,9,"Currently working"
"302_1",3202,8,2017-12-28,"2017-12",1,"35-39","Import-oriented sectors","Import-oriented sectors",2,0,4,3,NA,"Currently working"
"302_1",3226,8,2018-10-01,"2018-10",1,"35-39","Import-oriented sectors","Import-oriented sectors",2,NA,NA,3,NA,"Unemployed"
"303_1",3113,8,2015-09-30,"2015-09",2,"35-39","Import-oriented sectors","Import-oriented sectors",4,0,5,3,NA,"Currently working"
"303_1",3191,8,2017-10-02,"2017-10",2,"35-39","Import-oriented sectors","Import-oriented sectors",4,1,2,5,9,"Currently working"
"303_1",3202,8,2017-12-28,"2017-12",2,"35-39","Import-oriented sectors","Import-oriented sectors",4,0,4,3,6,NA
"303_1",3226,8,2018-10-01,"2018-10",2,"35-39","Import-oriented sectors","Import-oriented sectors",4,0,5,3,NA,"Currently working"
"304_1",3113,8,2015-09-30,"2015-09",1,"35-39","Import-oriented sectors","Import-oriented sectors",4,0,5,3,NA,"Currently working"
"304_1",3191,8,2017-10-02,"2017-10",1,"35-39","Import-oriented sectors","Import-oriented sectors",4,1,2,5,5,"Unemployed"
"304_1",3202,8,2017-12-28,"2017-12",1,"35-39","Import-oriented sectors","Import-oriented sectors",4,0,7,3,7,"Currently working"
"304_1",3226,8,2018-10-01,"2018-10",1,"35-39","Import-oriented sectors","Import-oriented sectors",4,0,3,3,5,"Unemployed"
"305_1",3113,8,2015-09-30,"2015-09",2,"35-39","Import-oriented sectors","Import-oriented sectors",5,0,5,3,NA,"Currently working"
"305_1",3191,8,2017-10-02,"2017-10",2,"35-39","Import-oriented sectors","Import-oriented sectors",5,1,3,5,NA,"Currently working"
"305_1",3202,8,2017-12-28,"2017-12",2,"35-39","Import-oriented sectors","Import-oriented sectors",5,1,5,3,9,"Currently working"
"305_1",3226,8,2018-10-01,"2018-10",2,"35-39","Import-oriented sectors","Import-oriented sectors",5,0,5,4,NA,"Currently working"
"306_1",3113,8,2015-09-30,"2015-09",1,"35-39","Import-oriented sectors","Import-oriented sectors",5,1,7,5,8,"Currently working"
"306_1",3191,8,2017-10-02,"2017-10",1,"35-39","Import-oriented sectors","Import-oriented sectors",5,NA,5,3,7,"Currently working"
"306_1",3202,8,2017-12-28,"2017-12",1,"35-39","Import-oriented sectors","Import-oriented sectors",5,1,3,5,10,"Currently working"
"306_1",3226,8,2018-10-01,"2018-10",1,"35-39","Import-oriented sectors","Import-oriented sectors",5,NA,3,NA,NA,"Currently working"
"306_2",3113,8,2015-09-30,"2015-09",1,"35-39","Import-oriented sectors","Import-oriented sectors",5,1,5,5,NA,"Currently working"
"306_2",3191,17,2017-10-02,"2017-10",1,"35-39","Import-oriented sectors","Import-oriented sectors",5,1,1,5,7,"Currently working"
"306_2",3202,8,2017-12-28,"2017-12",1,"35-39","Import-oriented sectors","Import-oriented sectors",5,1,1,5,7,"Currently working"
"306_2",3226,8,2018-10-01,"2018-10",1,"35-39","Import-oriented sectors","Import-oriented sectors",5,0,4,3,NA,"Currently working"
"31_1",3113,8,2015-09-30,"2015-09",2,"40-44","Non-tradable sectors",NA,2,0,3,3,6,"Unemployed"
"31_1",3191,8,2017-10-02,"2017-10",2,"40-44","Non-tradable sectors",NA,2,0,NA,3,6,"Unemployed"
"31_1",3202,8,2017-12-28,"2017-12",2,"40-44","Non-tradable sectors",NA,2,0,NA,3,NA,"Currently working"
"31_1",3226,8,2018-10-01,"2018-10",2,"40-44","Non-tradable sectors",NA,2,0,4,3,NA,"Currently working"
"31_2",3113,8,2015-09-30,"2015-09",2,"40-44","Non-tradable sectors",NA,2,0,1,4,NA,"Unemployed"
"31_2",3191,17,2017-10-02,"2017-10",2,"40-44","Non-tradable sectors",NA,2,NA,7,3,NA,"Currently working"
"31_2",3202,8,2017-12-28,"2017-12",2,"40-44","Non-tradable sectors",NA,2,1,1,5,6,NA
"31_2",3226,17,2018-10-01,"2018-10",2,"40-44","Non-tradable sectors",NA,2,1,3,5,NA,"Currently working"
"311_1",3113,8,2015-09-30,"2015-09",2,"45-49","Import-oriented sectors","Import-oriented sectors",2,0,7,3,6,"Currently working"
"311_1",3191,17,2017-10-02,"2017-10",2,"45-49","Import-oriented sectors","Import-oriented sectors",2,NA,NA,NA,6,"Currently working"
"311_1",3202,8,2017-12-28,"2017-12",2,"45-49","Import-oriented sectors","Import-oriented sectors",2,1,3,4,NA,NA
"311_1",3226,8,2018-10-01,"2018-10",2,"45-49","Import-oriented sectors","Import-oriented sectors",2,0,5,3,3,"Retired"
"314_1",3113,8,2015-09-30,"2015-09",1,"45-49","Import-oriented sectors","Import-oriented sectors",4,NA,NA,3,5,"Unemployed"
"314_1",3191,8,2017-10-02,"2017-10",1,"45-49","Import-oriented sectors","Import-oriented sectors",4,0,10,3,9,"Currently working"
"314_1",3202,8,2017-12-28,"2017-12",1,"45-49","Import-oriented sectors","Import-oriented sectors",4,1,5,5,6,"Currently working"
"314_1",3226,8,2018-10-01,"2018-10",1,"45-49","Import-oriented sectors","Import-oriented sectors",4,NA,NA,NA,NA,"Unemployed"
"314_2",3113,8,2015-09-30,"2015-09",1,"45-49","Import-oriented sectors","Import-oriented sectors",4,0,4,3,9,"Currently working"
"314_2",3191,8,2017-10-02,"2017-10",1,"45-49","Import-oriented sectors","Import-oriented sectors",4,0,2,5,8,"Currently working"
"314_2",3202,8,2017-12-28,"2017-12",1,"45-49","Import-oriented sectors","Import-oriented sectors",4,0,3,3,NA,"Currently working"
"314_2",3226,8,2018-10-01,"2018-10",1,"45-49","Import-oriented sectors","Import-oriented sectors",4,NA,NA,3,NA,"Currently working"
"316_1",3113,8,2015-09-30,"2015-09",1,"45-49","Import-oriented sectors","Import-oriented sectors",5,1,3,5,7,"Currently working"
"316_1",3191,8,2017-10-02,"2017-10",1,"45-49","Import-oriented sectors","Import-oriented sectors",5,NA,3,3,NA,"Currently working"
"316_1",3202,8,2017-12-28,"2017-12",1,"45-49","Import-oriented sectors","Import-oriented sectors",5,0,7,3,10,"Currently working"
"316_1",3226,8,2018-10-01,"2018-10",1,"45-49","Import-oriented sectors","Import-oriented sectors",5,NA,3,NA,NA,"Unemployed"
"318_1",3113,8,2015-09-30,"2015-09",1,"45-49","Import-oriented sectors","Import-oriented sectors",3,1,3,5,8,"Currently working"
"318_1",3191,8,2017-10-02,"2017-10",1,"45-49","Import-oriented sectors","Import-oriented sectors",3,NA,NA,3,3,"Unemployed"
"318_1",3202,8,2017-12-28,"2017-12",1,"45-49","Import-oriented sectors","Import-oriented sectors",3,1,3,NA,6,"Unemployed"
"318_1",3226,8,2018-10-01,"2018-10",1,"45-49","Import-oriented sectors","Import-oriented sectors",3,0,7,1,6,"Currently working"
"32_1",3113,8,2015-09-30,"2015-09",1,"40-44","Non-tradable sectors",NA,2,1,2,4,6,"Currently working"
"32_1",3191,8,2017-10-02,"2017-10",1,"40-44","Non-tradable sectors",NA,2,1,2,5,6,NA
"32_1",3202,8,2017-12-28,"2017-12",1,"40-44","Non-tradable sectors",NA,2,1,3,5,4,"Unemployed"
"32_1",3226,8,2018-10-01,"2018-10",1,"40-44","Non-tradable sectors",NA,2,1,3,5,4,"Retired"
"32_2",3113,8,2015-09-30,"2015-09",1,"40-44","Non-tradable sectors",NA,2,1,3,4,NA,"Unemployed"
"32_2",3191,8,2017-10-02,"2017-10",1,"40-44","Non-tradable sectors",NA,2,0,3,NA,NA,"Unemployed"
"32_2",3202,8,2017-12-28,"2017-12",1,"40-44","Non-tradable sectors",NA,2,0,5,4,6,"Unemployed"
"32_2",3226,8,2018-10-01,"2018-10",1,"40-44","Non-tradable sectors",NA,2,0,4,4,6,"Currently working"
"32_3",3113,8,2015-09-30,"2015-09",1,"40-44","Non-tradable sectors",NA,2,1,5,4,NA,"Currently working"
"32_3",3191,17,2017-10-02,"2017-10",1,"40-44","Non-tradable sectors",NA,2,0,1,3,6,"Retired"
"32_3",3202,8,2017-12-28,"2017-12",1,"40-44","Non-tradable sectors",NA,2,0,NA,2,4,"Unemployed"
"32_3",3226,17,2018-10-01,"2018-10",1,"40-44","Non-tradable sectors",NA,2,0,2,3,3,"Unemployed"
"322_1",3113,8,2015-09-30,"2015-09",1,"18-24","Import-oriented sectors","Import-oriented sectors",2,0,7,2,NA,NA
"322_1",3191,17,2017-10-02,"2017-10",1,"18-24","Import-oriented sectors","Import-oriented sectors",2,NA,5,3,NA,"Unemployed"
"322_1",3202,8,2017-12-28,"2017-12",1,"18-24","Import-oriented sectors","Import-oriented sectors",2,1,1,4,NA,"Currently working"
"322_1",3226,17,2018-10-01,"2018-10",1,"18-24","Import-oriented sectors","Import-oriented sectors",2,0,1,4,1,NA
"324_1",3113,8,2015-09-30,"2015-09",1,"18-24","Import-oriented sectors","Import-oriented sectors",4,NA,5,3,6,NA
"324_1",3191,25,2017-10-02,"2017-10",1,"18-24","Import-oriented sectors","Import-oriented sectors",4,NA,5,NA,NA,"Currently working"
"324_1",3202,8,2017-12-28,"2017-12",1,"18-24","Import-oriented sectors","Import-oriented sectors",4,0,NA,3,9,"Currently working"
"324_1",3226,8,2018-10-01,"2018-10",1,"18-24","Import-oriented sectors","Import-oriented sectors",4,1,2,5,1,NA
"328_1",3113,8,2015-09-30,"2015-09",1,"18-24","Import-oriented sectors","Import-oriented sectors",3,NA,5,3,NA,"Currently working"
"328_1",3191,8,2017-10-02,"2017-10",1,"18-24","Import-oriented sectors","Import-oriented sectors",3,0,3,4,7,"Currently working"
"328_1",3202,8,2017-12-28,"2017-12",1,"18-24","Import-oriented sectors","Import-oriented sectors",3,0,1,4,NA,NA
"328_1",3226,8,2018-10-01,"2018-10",1,"18-24","Import-oriented sectors","Import-oriented sectors",3,NA,7,4,2,NA
"33_1",3113,8,2015-09-30,"2015-09",2,"40-44","Non-tradable sectors",NA,4,1,NA,3,5,"Currently working"
"33_1",3191,8,2017-10-02,"2017-10",2,"40-44","Non-tradable sectors",NA,4,0,4,3,7,"Currently working"
"33_1",3202,8,2017-12-28,"2017-12",2,"40-44","Non-tradable sectors",NA,4,NA,5,3,8,"Currently working"
"33_1",3226,8,2018-10-01,"2018-10",2,"40-44","Non-tradable sectors",NA,4,0,8,1,6,"Currently working"
"33_2",3113,8,2015-09-30,"2015-09",2,"40-44","Non-tradable sectors",NA,4,0,6,3,NA,"Currently working"
"33_2",3191,8,2017-10-02,"2017-10",2,"40-44","Non-tradable sectors",NA,4,NA,NA,3,8,"Currently working"
"33_2",3202,8,2017-12-28,"2017-12",2,"40-44","Non-tradable sectors",NA,4,NA,NA,3,8,"Currently working"
"33_2",3226,8,2018-10-01,"2018-10",2,"40-44","Non-tradable sectors",NA,4,0,NA,3,NA,"Currently working"
"33_3",3113,8,2015-09-30,"2015-09",2,"40-44","Non-tradable sectors",NA,4,0,6,3,NA,"Currently working"
"33_3",3191,8,2017-10-02,"2017-10",2,"40-44","Non-tradable sectors",NA,4,NA,NA,5,7,"Currently working"
"33_3",3202,8,2017-12-28,"2017-12",2,"40-44","Non-tradable sectors",NA,4,NA,4,3,8,"Currently working"
"33_3",3226,8,2018-10-01,"2018-10",2,"40-44","Non-tradable sectors",NA,4,NA,NA,3,NA,"Currently working"
"331_1",3113,8,2015-09-30,"2015-09",2,"50-54","Import-oriented sectors","Import-oriented sectors",2,0,3,5,8,"Currently working"
"331_1",3191,43,2017-10-02,"2017-10",2,"50-54","Import-oriented sectors","Import-oriented sectors",2,NA,4,5,NA,"Currently working"
"331_1",3202,8,2017-12-28,"2017-12",2,"50-54","Import-oriented sectors","Import-oriented sectors",2,1,6,5,NA,NA
"331_1",3226,8,2018-10-01,"2018-10",2,"50-54","Import-oriented sectors","Import-oriented sectors",2,0,5,3,1,NA
"332_1",3113,8,2015-09-30,"2015-09",1,"50-54","Import-oriented sectors","Import-oriented sectors",2,0,5,4,6,"Currently working"
"332_1",3191,8,2017-10-02,"2017-10",1,"50-54","Import-oriented sectors","Import-oriented sectors",2,NA,5,3,NA,"Currently working"
"332_1",3202,8,2017-12-28,"2017-12",1,"50-54","Import-oriented sectors","Import-oriented sectors",2,0,4,3,8,"Currently working"
"332_1",3226,17,2018-10-01,"2018-10",1,"50-54","Import-oriented sectors","Import-oriented sectors",2,NA,5,5,4,"Unemployed"
"334_1",3113,8,2015-09-30,"2015-09",1,"50-54","Import-oriented sectors","Import-oriented sectors",4,0,4,3,5,"Unemployed"
"334_1",3191,8,2017-10-02,"2017-10",1,"50-54","Import-oriented sectors","Import-oriented sectors",4,0,4,4,8,"Currently working"
"334_1",3202,8,2017-12-28,"2017-12",1,"50-54","Import-oriented sectors","Import-oriented sectors",4,0,3,4,NA,"Currently working"
"334_1",3226,8,2018-10-01,"2018-10",1,"50-54","Import-oriented sectors","Import-oriented sectors",4,0,4,3,NA,"Currently working"
"334_2",3113,8,2015-09-30,"2015-09",1,"50-54","Import-oriented sectors","Import-oriented sectors",4,1,3,3,NA,"Currently working"
"334_2",3191,8,2017-10-02,"2017-10",1,"50-54","Import-oriented sectors","Import-oriented sectors",4,0,5,3,8,"Retired"
"334_2",3202,8,2017-12-28,"2017-12",1,"50-54","Import-oriented sectors","Import-oriented sectors",4,1,3,3,8,"Currently working"
"334_2",3226,8,2018-10-01,"2018-10",1,"50-54","Import-oriented sectors","Import-oriented sectors",4,0,3,3,NA,"Currently working"
"335_1",3113,8,2015-09-30,"2015-09",2,"50-54","Import-oriented sectors","Import-oriented sectors",5,1,3,5,NA,NA
"335_1",3191,8,2017-10-02,"2017-10",2,"50-54","Import-oriented sectors","Import-oriented sectors",5,0,3,3,6,"Unemployed"
"335_1",3202,17,2017-12-28,"2017-12",2,"50-54","Import-oriented sectors","Import-oriented sectors",5,1,5,4,8,"Currently working"
"335_1",3226,43,2018-10-01,"2018-10",2,"50-54","Import-oriented sectors","Import-oriented sectors",5,1,5,5,NA,"Currently working"
"337_1",3113,8,2015-09-30,"2015-09",2,"50-54","Import-oriented sectors","Import-oriented sectors",3,NA,7,3,NA,"Unemployed"
"337_1",3191,8,2017-10-02,"2017-10",2,"50-54","Import-oriented sectors","Import-oriented sectors",3,1,5,4,NA,"Currently working"
"337_1",3202,8,2017-12-28,"2017-12",2,"50-54","Import-oriented sectors","Import-oriented sectors",3,1,5,5,9,"Currently working"
"337_1",3226,8,2018-10-01,"2018-10",2,"50-54","Import-oriented sectors","Import-oriented sectors",3,1,3,5,NA,"Currently working"
"338_1",3113,8,2015-09-30,"2015-09",1,"50-54","Import-oriented sectors","Import-oriented sectors",3,1,5,5,11,"Currently working"
"338_1",3191,8,2017-10-02,"2017-10",1,"50-54","Import-oriented sectors","Import-oriented sectors",3,0,4,3,6,NA
"338_1",3202,8,2017-12-28,"2017-12",1,"50-54","Import-oriented sectors","Import-oriented sectors",3,NA,3,3,NA,"Unemployed"
"338_1",3226,43,2018-10-01,"2018-10",1,"50-54","Import-oriented sectors","Import-oriented sectors",3,1,4,5,5,"Currently working"
"34_1",3113,8,2015-09-30,"2015-09",1,"40-44","Non-tradable sectors",NA,4,0,5,3,7,"Currently working"
"34_1",3191,8,2017-10-02,"2017-10",1,"40-44","Non-tradable sectors",NA,4,1,8,5,NA,"Currently working"
"34_1",3202,8,2017-12-28,"2017-12",1,"40-44","Non-tradable sectors",NA,4,0,3,3,NA,"Currently working"
"34_1",3226,8,2018-10-01,"2018-10",1,"40-44","Non-tradable sectors",NA,4,0,5,3,3,"Unemployed"
"34_2",3113,8,2015-09-30,"2015-09",1,"40-44","Non-tradable sectors",NA,4,1,4,4,9,"Currently working"
"34_2",3191,8,2017-10-02,"2017-10",1,"40-44","Non-tradable sectors",NA,4,0,3,3,7,"Currently working"
"34_2",3202,8,2017-12-28,"2017-12",1,"40-44","Non-tradable sectors",NA,4,0,5,3,6,"Currently working"
"34_2",3226,8,2018-10-01,"2018-10",1,"40-44","Non-tradable sectors",NA,4,1,3,5,4,"Unemployed"
"34_3",3113,8,2015-09-30,"2015-09",1,"40-44","Non-tradable sectors",NA,4,1,3,3,NA,"Currently working"
"34_3",3191,8,2017-10-02,"2017-10",1,"40-44","Non-tradable sectors",NA,4,1,3,5,11,"Unemployed"
"34_3",3202,8,2017-12-28,"2017-12",1,"40-44","Non-tradable sectors",NA,4,NA,1,NA,8,"Currently working"
"34_3",3226,8,2018-10-01,"2018-10",1,"40-44","Non-tradable sectors",NA,4,1,4,5,6,"Currently working"
"34_4",3113,8,2015-09-30,"2015-09",1,"40-44","Non-tradable sectors",NA,4,0,5,3,NA,"Unemployed"
"34_4",3191,25,2017-10-02,"2017-10",1,"40-44","Non-tradable sectors",NA,4,1,3,5,6,"Currently working"
"34_4",3202,8,2017-12-28,"2017-12",1,"40-44","Non-tradable sectors",NA,4,NA,NA,NA,8,"Currently working"
"34_4",3226,8,2018-10-01,"2018-10",1,"40-44","Non-tradable sectors",NA,4,1,3,5,7,"Currently working"
"34_5",3113,8,2015-09-30,"2015-09",1,"40-44","Non-tradable sectors",NA,4,1,5,3,6,"Currently working"
"34_5",3191,43,2017-10-02,"2017-10",1,"40-44","Non-tradable sectors",NA,4,NA,4,NA,NA,"Currently working"
"34_5",3202,8,2017-12-28,"2017-12",1,"40-44","Non-tradable sectors",NA,4,1,2,5,8,"Currently working"
"34_5",3226,43,2018-10-01,"2018-10",1,"40-44","Non-tradable sectors",NA,4,1,1,5,NA,"Currently working"
"342_1",3113,8,2015-09-30,"2015-09",1,"55-59","Import-oriented sectors","Import-oriented sectors",2,0,5,1,NA,"Unemployed"
"342_1",3191,43,2017-10-02,"2017-10",1,"55-59","Import-oriented sectors","Import-oriented sectors",2,NA,NA,3,NA,"Currently working"
"342_1",3202,8,2017-12-28,"2017-12",1,"55-59","Import-oriented sectors","Import-oriented sectors",2,0,2,3,NA,"Currently working"
"342_1",3226,25,2018-10-01,"2018-10",1,"55-59","Import-oriented sectors","Import-oriented sectors",2,1,3,5,NA,"Currently working"
"348_1",3113,8,2015-09-30,"2015-09",1,"55-59","Import-oriented sectors","Import-oriented sectors",3,1,4,5,NA,"Currently working"
"348_1",3191,8,2017-10-02,"2017-10",1,"55-59","Import-oriented sectors","Import-oriented sectors",3,NA,5,3,NA,"Currently working"
"348_1",3202,25,2017-12-28,"2017-12",1,"55-59","Import-oriented sectors","Import-oriented sectors",3,1,4,4,7,"Currently working"
"348_1",3226,8,2018-10-01,"2018-10",1,"55-59","Import-oriented sectors","Import-oriented sectors",3,1,2,5,5,"Currently working"
"35_1",3113,8,2015-09-30,"2015-09",2,"40-44","Non-tradable sectors",NA,5,0,3,4,NA,"Unemployed"
"35_1",3191,8,2017-10-02,"2017-10",2,"40-44","Non-tradable sectors",NA,5,NA,3,5,NA,"Currently working"
"35_1",3202,8,2017-12-28,"2017-12",2,"40-44","Non-tradable sectors",NA,5,1,2,4,10,"Currently working"
"35_1",3226,8,2018-10-01,"2018-10",2,"40-44","Non-tradable sectors",NA,5,0,6,3,5,"Currently working"
"35_2",3113,8,2015-09-30,"2015-09",2,"40-44","Non-tradable sectors",NA,5,0,3,3,8,"Currently working"
"35_2",3191,8,2017-10-02,"2017-10",2,"40-44","Non-tradable sectors",NA,5,0,2,4,10,"Currently working"
"35_2",3202,8,2017-12-28,"2017-12",2,"40-44","Non-tradable sectors",NA,5,1,1,NA,NA,"Currently working"
"35_2",3226,8,2018-10-01,"2018-10",2,"40-44","Non-tradable sectors",NA,5,0,2,3,6,"Currently working"
"35_3",3113,8,2015-09-30,"2015-09",2,"40-44","Non-tradable sectors",NA,5,1,1,5,7,"Currently working"
"35_3",3191,8,2017-10-02,"2017-10",2,"40-44","Non-tradable sectors",NA,5,0,3,4,8,"Unemployed"
"35_3",3202,8,2017-12-28,"2017-12",2,"40-44","Non-tradable sectors",NA,5,0,3,4,8,"Currently working"
"35_3",3226,8,2018-10-01,"2018-10",2,"40-44","Non-tradable sectors",NA,5,0,1,3,7,"Currently working"
"35_4",3113,8,2015-09-30,"2015-09",2,"40-44","Non-tradable sectors",NA,5,1,2,4,8,"Currently working"
"35_4",3191,8,2017-10-02,"2017-10",2,"40-44","Non-tradable sectors",NA,5,NA,NA,5,7,"Currently working"
"35_4",3202,8,2017-12-28,"2017-12",2,"40-44","Non-tradable sectors",NA,5,NA,NA,3,7,"Currently working"
"35_4",3226,25,2018-10-01,"2018-10",2,"40-44","Non-tradable sectors",NA,5,0,5,3,5,"Currently working"
"353_1",3113,17,2015-09-30,"2015-09",2,"80+","Import-oriented sectors","Import-oriented sectors",4,1,6,3,9,"Retired"
"353_1",3191,8,2017-10-02,"2017-10",2,"80+","Import-oriented sectors","Import-oriented sectors",4,1,5,5,4,"Retired"
"353_1",3202,8,2017-12-28,"2017-12",2,"80+","Import-oriented sectors","Import-oriented sectors",4,1,7,4,5,NA
"353_1",3226,25,2018-10-01,"2018-10",2,"80+","Import-oriented sectors","Import-oriented sectors",4,1,4,4,3,"Retired"
"359_1",3113,8,2015-09-30,"2015-09",2,"80+","Import-oriented sectors","Import-oriented sectors",1,0,6,1,NA,"Retired"
"359_1",3191,8,2017-10-02,"2017-10",2,"80+","Import-oriented sectors","Import-oriented sectors",1,1,6,3,NA,"Retired"
"359_1",3202,8,2017-12-28,"2017-12",2,"80+","Import-oriented sectors","Import-oriented sectors",1,NA,NA,3,NA,"Retired"
"359_1",3226,8,2018-10-01,"2018-10",2,"80+","Import-oriented sectors","Import-oriented sectors",1,0,3,5,NA,"Retired"
"359_2",3113,8,2015-09-30,"2015-09",2,"80+","Import-oriented sectors","Import-oriented sectors",1,0,NA,4,4,"Retired"
"359_2",3191,8,2017-10-02,"2017-10",2,"80+","Import-oriented sectors","Import-oriented sectors",1,1,6,4,4,"Retired"
"359_2",3202,8,2017-12-28,"2017-12",2,"80+","Import-oriented sectors","Import-oriented sectors",1,1,4,4,5,"Retired"
"359_2",3226,8,2018-10-01,"2018-10",2,"80+","Import-oriented sectors","Import-oriented sectors",1,1,5,5,NA,"Retired"
"359_3",3113,8,2015-09-30,"2015-09",2,"80+","Import-oriented sectors","Import-oriented sectors",1,1,NA,3,5,"Retired"
"359_3",3191,8,2017-10-02,"2017-10",2,"80+","Import-oriented sectors","Import-oriented sectors",1,0,5,2,NA,"Retired"
"359_3",3202,8,2017-12-28,"2017-12",2,"80+","Import-oriented sectors","Import-oriented sectors",1,0,8,5,5,"Retired"
"359_3",3226,43,2018-10-01,"2018-10",2,"80+","Import-oriented sectors","Import-oriented sectors",1,NA,8,3,5,"Retired"
"36_1",3113,8,2015-09-30,"2015-09",1,"40-44","Non-tradable sectors",NA,5,0,5,4,NA,"Currently working"
"36_1",3191,8,2017-10-02,"2017-10",1,"40-44","Non-tradable sectors",NA,5,1,5,5,8,"Currently working"
"36_1",3202,8,2017-12-28,"2017-12",1,"40-44","Non-tradable sectors",NA,5,1,3,5,10,"Currently working"
"36_1",3226,8,2018-10-01,"2018-10",1,"40-44","Non-tradable sectors",NA,5,1,2,5,6,"Currently working"
"36_2",3113,8,2015-09-30,"2015-09",1,"40-44","Non-tradable sectors",NA,5,0,1,NA,NA,"Currently working"
"36_2",3191,8,2017-10-02,"2017-10",1,"40-44","Non-tradable sectors",NA,5,NA,NA,3,NA,"Currently working"
"36_2",3202,8,2017-12-28,"2017-12",1,"40-44","Non-tradable sectors",NA,5,1,3,5,7,"Currently working"
"36_2",3226,8,2018-10-01,"2018-10",1,"40-44","Non-tradable sectors",NA,5,0,3,3,NA,"Unemployed"
"36_3",3113,8,2015-09-30,"2015-09",1,"40-44","Non-tradable sectors",NA,5,1,8,3,NA,"Currently working"
"36_3",3191,17,2017-10-02,"2017-10",1,"40-44","Non-tradable sectors",NA,5,NA,1,4,6,"Currently working"
"36_3",3202,8,2017-12-28,"2017-12",1,"40-44","Non-tradable sectors",NA,5,1,2,4,7,"Unemployed"
"36_3",3226,8,2018-10-01,"2018-10",1,"40-44","Non-tradable sectors",NA,5,1,1,5,NA,"Currently working"
"36_4",3113,8,2015-09-30,"2015-09",1,"40-44","Non-tradable sectors",NA,5,NA,3,4,NA,"Currently working"
"36_4",3191,25,2017-10-02,"2017-10",1,"40-44","Non-tradable sectors",NA,5,NA,4,5,NA,"Currently working"
"36_4",3202,8,2017-12-28,"2017-12",1,"40-44","Non-tradable sectors",NA,5,0,3,3,7,"Currently working"
"36_4",3226,17,2018-10-01,"2018-10",1,"40-44","Non-tradable sectors",NA,5,0,6,4,8,"Currently working"
"360_1",3113,8,2015-09-30,"2015-09",1,"80+","Import-oriented sectors","Import-oriented sectors",1,1,NA,5,NA,"Retired"
"360_1",3191,8,2017-10-02,"2017-10",1,"80+","Import-oriented sectors","Import-oriented sectors",1,0,3,4,6,"Retired"
"360_1",3202,8,2017-12-28,"2017-12",1,"80+","Import-oriented sectors","Import-oriented sectors",1,1,5,5,6,"Retired"
"360_1",3226,8,2018-10-01,"2018-10",1,"80+","Import-oriented sectors","Import-oriented sectors",1,0,3,2,NA,"Retired"
"360_2",3113,8,2015-09-30,"2015-09",1,"80+","Import-oriented sectors","Import-oriented sectors",1,0,5,2,5,"Retired"
"360_2",3191,17,2017-10-02,"2017-10",1,"80+","Import-oriented sectors","Import-oriented sectors",1,NA,NA,5,NA,"Retired"
"360_2",3202,8,2017-12-28,"2017-12",1,"80+","Import-oriented sectors","Import-oriented sectors",1,NA,3,3,4,"Retired"
"360_2",3226,8,2018-10-01,"2018-10",1,"80+","Import-oriented sectors","Import-oriented sectors",1,NA,NA,3,NA,"Retired"
"360_3",3113,8,2015-09-30,"2015-09",1,"80+","Import-oriented sectors","Import-oriented sectors",1,1,6,5,6,"Retired"
"360_3",3191,43,2017-10-02,"2017-10",1,"80+","Import-oriented sectors","Import-oriented sectors",1,NA,5,5,NA,"Retired"
"360_3",3202,8,2017-12-28,"2017-12",1,"80+","Import-oriented sectors","Import-oriented sectors",1,1,5,4,NA,"Retired"
"360_3",3226,17,2018-10-01,"2018-10",1,"80+","Import-oriented sectors","Import-oriented sectors",1,1,4,5,4,"Retired"
"363_1",3113,8,2015-09-30,"2015-09",2,"30-34","Import-oriented sectors","Import-oriented sectors",4,1,1,5,7,"Currently working"
"363_1",3191,8,2017-10-02,"2017-10",2,"30-34","Import-oriented sectors","Import-oriented sectors",4,NA,3,4,NA,"Currently working"
"363_1",3202,8,2017-12-28,"2017-12",2,"30-34","Import-oriented sectors","Import-oriented sectors",4,1,3,3,NA,"Unemployed"
"363_1",3226,43,2018-10-01,"2018-10",2,"30-34","Import-oriented sectors","Import-oriented sectors",4,0,3,4,4,"Currently working"
"364_1",3113,8,2015-09-30,"2015-09",1,"30-34","Import-oriented sectors","Import-oriented sectors",4,1,1,4,8,"Currently working"
"364_1",3191,8,2017-10-02,"2017-10",1,"30-34","Import-oriented sectors","Import-oriented sectors",4,NA,2,4,NA,"Currently working"
"364_1",3202,8,2017-12-28,"2017-12",1,"30-34","Import-oriented sectors","Import-oriented sectors",4,0,NA,3,NA,"Currently working"
"364_1",3226,8,2018-10-01,"2018-10",1,"30-34","Import-oriented sectors","Import-oriented sectors",4,0,4,3,6,"Currently working"
"364_2",3113,8,2015-09-30,"2015-09",1,"30-34","Import-oriented sectors","Import-oriented sectors",4,1,2,3,NA,"Currently working"
"364_2",3191,8,2017-10-02,"2017-10",1,"30-34","Import-oriented sectors","Import-oriented sectors",4,NA,4,3,NA,"Currently working"
"364_2",3202,8,2017-12-28,"2017-12",1,"30-34","Import-oriented sectors","Import-oriented sectors",4,1,5,4,NA,"Currently working"
"364_2",3226,8,2018-10-01,"2018-10",1,"30-34","Import-oriented sectors","Import-oriented sectors",4,NA,NA,3,NA,"Currently working"
"365_1",3113,8,2015-09-30,"2015-09",2,"30-34","Import-oriented sectors","Import-oriented sectors",5,1,3,4,NA,"Unemployed"
"365_1",3191,8,2017-10-02,"2017-10",2,"30-34","Import-oriented sectors","Import-oriented sectors",5,NA,5,3,5,"Currently working"
"365_1",3202,8,2017-12-28,"2017-12",2,"30-34","Import-oriented sectors","Import-oriented sectors",5,0,1,3,7,"Currently working"
"365_1",3226,8,2018-10-01,"2018-10",2,"30-34","Import-oriented sectors","Import-oriented sectors",5,1,4,3,6,"Currently working"
"379_1",3113,8,2015-09-30,"2015-09",2,"75-79","Import-oriented sectors","Import-oriented sectors",1,1,NA,5,6,"Retired"
"379_1",3191,8,2017-10-02,"2017-10",2,"75-79","Import-oriented sectors","Import-oriented sectors",1,NA,NA,3,4,"Retired"
"379_1",3202,8,2017-12-28,"2017-12",2,"75-79","Import-oriented sectors","Import-oriented sectors",1,NA,2,4,7,"Retired"
"379_1",3226,8,2018-10-01,"2018-10",2,"75-79","Import-oriented sectors","Import-oriented sectors",1,0,3,3,NA,"Retired"
"379_2",3113,8,2015-09-30,"2015-09",2,"75-79","Import-oriented sectors","Import-oriented sectors",1,1,6,5,4,"Retired"
"379_2",3191,8,2017-10-02,"2017-10",2,"75-79","Import-oriented sectors","Import-oriented sectors",1,NA,NA,5,5,"Retired"
"379_2",3202,8,2017-12-28,"2017-12",2,"75-79","Import-oriented sectors","Import-oriented sectors",1,1,NA,4,7,"Retired"
"379_2",3226,8,2018-10-01,"2018-10",2,"75-79","Import-oriented sectors","Import-oriented sectors",1,0,3,3,NA,"Retired"
"379_3",3113,8,2015-09-30,"2015-09",2,"75-79","Import-oriented sectors","Import-oriented sectors",1,0,5,3,NA,"Retired"
"379_3",3191,25,2017-10-02,"2017-10",2,"75-79","Import-oriented sectors","Import-oriented sectors",1,NA,NA,5,4,"Retired"
"379_3",3202,8,2017-12-28,"2017-12",2,"75-79","Import-oriented sectors","Import-oriented sectors",1,0,5,3,4,"Retired"
"379_3",3226,8,2018-10-01,"2018-10",2,"75-79","Import-oriented sectors","Import-oriented sectors",1,1,8,NA,3,"Retired"
"389_1",3113,8,2015-09-30,"2015-09",2,"70-74","Import-oriented sectors","Import-oriented sectors",1,0,6,1,4,"Retired"
"389_1",3191,8,2017-10-02,"2017-10",2,"70-74","Import-oriented sectors","Import-oriented sectors",1,0,3,NA,5,"Retired"
"389_1",3202,8,2017-12-28,"2017-12",2,"70-74","Import-oriented sectors","Import-oriented sectors",1,1,2,3,4,"Retired"
"389_1",3226,8,2018-10-01,"2018-10",2,"70-74","Import-oriented sectors","Import-oriented sectors",1,0,4,3,NA,"Retired"
"389_2",3113,8,2015-09-30,"2015-09",2,"70-74","Import-oriented sectors","Import-oriented sectors",1,1,3,5,5,NA
"389_2",3191,8,2017-10-02,"2017-10",2,"70-74","Import-oriented sectors","Import-oriented sectors",1,NA,NA,1,5,"Retired"
"389_2",3202,8,2017-12-28,"2017-12",2,"70-74","Import-oriented sectors","Import-oriented sectors",1,NA,5,4,NA,"Retired"
"389_2",3226,8,2018-10-01,"2018-10",2,"70-74","Import-oriented sectors","Import-oriented sectors",1,0,NA,3,NA,"Retired"
"389_3",3113,8,2015-09-30,"2015-09",2,"70-74","Import-oriented sectors","Import-oriented sectors",1,NA,NA,3,NA,"Retired"
"389_3",3191,8,2017-10-02,"2017-10",2,"70-74","Import-oriented sectors","Import-oriented sectors",1,0,5,2,NA,"Retired"
"389_3",3202,8,2017-12-28,"2017-12",2,"70-74","Import-oriented sectors","Import-oriented sectors",1,0,NA,2,NA,"Retired"
"389_3",3226,8,2018-10-01,"2018-10",2,"70-74","Import-oriented sectors","Import-oriented sectors",1,0,5,3,4,"Retired"
"389_4",3113,8,2015-09-30,"2015-09",2,"70-74","Import-oriented sectors","Import-oriented sectors",1,NA,NA,4,NA,"Retired"
"389_4",3191,8,2017-10-02,"2017-10",2,"70-74","Import-oriented sectors","Import-oriented sectors",1,NA,5,4,NA,"Retired"
"389_4",3202,8,2017-12-28,"2017-12",2,"70-74","Import-oriented sectors","Import-oriented sectors",1,1,3,5,6,NA
"389_4",3226,8,2018-10-01,"2018-10",2,"70-74","Import-oriented sectors","Import-oriented sectors",1,NA,5,1,5,"Retired"
"390_1",3113,8,2015-09-30,"2015-09",1,"70-74","Import-oriented sectors","Import-oriented sectors",1,NA,5,3,NA,"Retired"
"390_1",3191,17,2017-10-02,"2017-10",1,"70-74","Import-oriented sectors","Import-oriented sectors",1,NA,5,3,6,"Retired"
"390_1",3202,8,2017-12-28,"2017-12",1,"70-74","Import-oriented sectors","Import-oriented sectors",1,0,5,3,6,"Retired"
"390_1",3226,8,2018-10-01,"2018-10",1,"70-74","Import-oriented sectors","Import-oriented sectors",1,0,5,3,NA,"Retired"
"4_1",3113,8,2015-09-30,"2015-09",1,"60-64","Non-tradable sectors",NA,4,1,3,4,5,"Retired"
"4_1",3191,8,2017-10-02,"2017-10",1,"60-64","Non-tradable sectors",NA,4,1,2,5,NA,"Currently working"
"4_1",3202,8,2017-12-28,"2017-12",1,"60-64","Non-tradable sectors",NA,4,0,8,1,NA,"Retired"
"4_1",3226,8,2018-10-01,"2018-10",1,"60-64","Non-tradable sectors",NA,4,0,7,1,NA,"Retired"
"41_1",3113,8,2015-09-30,"2015-09",2,"35-39","Non-tradable sectors",NA,2,0,5,3,7,"Unemployed"
"41_1",3191,8,2017-10-02,"2017-10",2,"35-39","Non-tradable sectors",NA,2,0,3,3,NA,"Currently working"
"41_1",3202,8,2017-12-28,"2017-12",2,"35-39","Non-tradable sectors",NA,2,NA,NA,1,7,"Unemployed"
"41_1",3226,8,2018-10-01,"2018-10",2,"35-39","Non-tradable sectors",NA,2,NA,NA,3,1,NA
"42_1",3113,8,2015-09-30,"2015-09",1,"35-39","Non-tradable sectors",NA,2,1,4,3,2,"Unemployed"
"42_1",3191,8,2017-10-02,"2017-10",1,"35-39","Non-tradable sectors",NA,2,NA,5,3,NA,"Retired"
"42_1",3202,8,2017-12-28,"2017-12",1,"35-39","Non-tradable sectors",NA,2,0,5,3,9,"Currently working"
"42_1",3226,8,2018-10-01,"2018-10",1,"35-39","Non-tradable sectors",NA,2,NA,NA,3,4,"Currently working"
"42_2",3113,8,2015-09-30,"2015-09",1,"35-39","Non-tradable sectors",NA,2,0,5,1,1,"Unemployed"
"42_2",3191,8,2017-10-02,"2017-10",1,"35-39","Non-tradable sectors",NA,2,0,4,3,NA,"Currently working"
"42_2",3202,8,2017-12-28,"2017-12",1,"35-39","Non-tradable sectors",NA,2,0,3,3,3,"Unemployed"
"42_2",3226,8,2018-10-01,"2018-10",1,"35-39","Non-tradable sectors",NA,2,NA,5,3,NA,"Unemployed"
"43_1",3113,8,2015-09-30,"2015-09",2,"35-39","Non-tradable sectors",NA,4,1,5,4,7,"Currently working"
"43_1",3191,8,2017-10-02,"2017-10",2,"35-39","Non-tradable sectors",NA,4,0,4,3,7,"Currently working"
"43_1",3202,8,2017-12-28,"2017-12",2,"35-39","Non-tradable sectors",NA,4,1,1,4,NA,"Currently working"
"43_1",3226,8,2018-10-01,"2018-10",2,"35-39","Non-tradable sectors",NA,4,0,5,3,5,"Unemployed"
"43_2",3113,8,2015-09-30,"2015-09",2,"35-39","Non-tradable sectors",NA,4,0,NA,3,NA,"Unemployed"
"43_2",3191,8,2017-10-02,"2017-10",2,"35-39","Non-tradable sectors",NA,4,0,2,NA,7,"Currently working"
"43_2",3202,8,2017-12-28,"2017-12",2,"35-39","Non-tradable sectors",NA,4,0,3,3,3,"Unemployed"
"43_2",3226,8,2018-10-01,"2018-10",2,"35-39","Non-tradable sectors",NA,4,0,NA,3,4,"Currently working"
"43_3",3113,8,2015-09-30,"2015-09",2,"35-39","Non-tradable sectors",NA,4,1,4,5,NA,"Currently working"
"43_3",3191,17,2017-10-02,"2017-10",2,"35-39","Non-tradable sectors",NA,4,1,1,4,NA,"Currently working"
"43_3",3202,8,2017-12-28,"2017-12",2,"35-39","Non-tradable sectors",NA,4,1,2,4,9,"Currently working"
"43_3",3226,8,2018-10-01,"2018-10",2,"35-39","Non-tradable sectors",NA,4,0,5,3,4,"Unemployed"
"44_1",3113,8,2015-09-30,"2015-09",1,"35-39","Non-tradable sectors",NA,4,0,5,3,7,"Currently working"
"44_1",3191,8,2017-10-02,"2017-10",1,"35-39","Non-tradable sectors",NA,4,0,4,3,4,"Unemployed"
"44_1",3202,8,2017-12-28,"2017-12",1,"35-39","Non-tradable sectors",NA,4,0,1,3,9,"Currently working"
"44_1",3226,8,2018-10-01,"2018-10",1,"35-39","Non-tradable sectors",NA,4,NA,5,3,NA,"Currently working"
"44_2",3113,8,2015-09-30,"2015-09",1,"35-39","Non-tradable sectors",NA,4,0,5,3,3,"Currently working"
"44_2",3191,8,2017-10-02,"2017-10",1,"35-39","Non-tradable sectors",NA,4,1,3,5,6,"Currently working"
"44_2",3202,8,2017-12-28,"2017-12",1,"35-39","Non-tradable sectors",NA,4,0,4,2,NA,"Currently working"
"44_2",3226,8,2018-10-01,"2018-10",1,"35-39","Non-tradable sectors",NA,4,0,NA,3,NA,"Currently working"
"45_1",3113,8,2015-09-30,"2015-09",2,"35-39","Non-tradable sectors",NA,5,0,1,NA,7,"Currently working"
"45_1",3191,8,2017-10-02,"2017-10",2,"35-39","Non-tradable sectors",NA,5,1,1,5,9,"Currently working"
"45_1",3202,8,2017-12-28,"2017-12",2,"35-39","Non-tradable sectors",NA,5,1,2,4,1,"Unemployed"
"45_1",3226,8,2018-10-01,"2018-10",2,"35-39","Non-tradable sectors",NA,5,1,3,5,7,"Currently working"
"46_1",3113,8,2015-09-30,"2015-09",1,"35-39","Non-tradable sectors",NA,5,NA,2,4,NA,"Currently working"
"46_1",3191,8,2017-10-02,"2017-10",1,"35-39","Non-tradable sectors",NA,5,1,3,5,6,"Currently working"
"46_1",3202,8,2017-12-28,"2017-12",1,"35-39","Non-tradable sectors",NA,5,1,6,4,10,"Currently working"
"46_1",3226,8,2018-10-01,"2018-10",1,"35-39","Non-tradable sectors",NA,5,0,5,3,NA,"Currently working"
"46_2",3113,8,2015-09-30,"2015-09",1,"35-39","Non-tradable sectors",NA,5,1,1,5,NA,"Currently working"
"46_2",3191,8,2017-10-02,"2017-10",1,"35-39","Non-tradable sectors",NA,5,0,5,2,6,"Currently working"
"46_2",3202,8,2017-12-28,"2017-12",1,"35-39","Non-tradable sectors",NA,5,1,3,4,8,"Currently working"
"46_2",3226,8,2018-10-01,"2018-10",1,"35-39","Non-tradable sectors",NA,5,NA,3,5,NA,"Currently working"
"46_3",3113,8,2015-09-30,"2015-09",1,"35-39","Non-tradable sectors",NA,5,1,3,4,6,"Unemployed"
"46_3",3191,17,2017-10-02,"2017-10",1,"35-39","Non-tradable sectors",NA,5,1,1,5,8,"Currently working"
"46_3",3202,8,2017-12-28,"2017-12",1,"35-39","Non-tradable sectors",NA,5,1,3,5,9,"Currently working"
"46_3",3226,43,2018-10-01,"2018-10",1,"35-39","Non-tradable sectors",NA,5,1,5,4,NA,"Currently working"
"47_1",3113,8,2015-09-30,"2015-09",2,"35-39","Non-tradable sectors",NA,3,0,7,1,9,"Currently working"
"47_1",3191,8,2017-10-02,"2017-10",2,"35-39","Non-tradable sectors",NA,3,NA,5,3,NA,"Currently working"
"47_1",3202,8,2017-12-28,"2017-12",2,"35-39","Non-tradable sectors",NA,3,0,3,3,6,"Unemployed"
"47_1",3226,8,2018-10-01,"2018-10",2,"35-39","Non-tradable sectors",NA,3,0,8,3,4,"Currently working"
"47_2",3113,43,2015-09-30,"2015-09",2,"35-39","Non-tradable sectors",NA,3,1,2,5,NA,"Currently working"
"47_2",3191,8,2017-10-02,"2017-10",2,"35-39","Non-tradable sectors",NA,3,NA,5,3,NA,"Currently working"
"47_2",3202,8,2017-12-28,"2017-12",2,"35-39","Non-tradable sectors",NA,3,1,NA,3,3,"Unemployed"
"47_2",3226,8,2018-10-01,"2018-10",2,"35-39","Non-tradable sectors",NA,3,NA,5,3,4,"Currently working"
"48_1",3113,8,2015-09-30,"2015-09",1,"35-39","Non-tradable sectors",NA,3,0,8,2,NA,"Currently working"
"48_1",3191,8,2017-10-02,"2017-10",1,"35-39","Non-tradable sectors",NA,3,0,5,3,6,"Unemployed"
"48_1",3202,8,2017-12-28,"2017-12",1,"35-39","Non-tradable sectors",NA,3,1,2,4,NA,"Currently working"
"48_1",3226,8,2018-10-01,"2018-10",1,"35-39","Non-tradable sectors",NA,3,0,5,3,NA,"Currently working"
"49_1",3113,8,2015-09-30,"2015-09",2,"35-39","Non-tradable sectors",NA,1,0,2,2,4,"Unemployed"
"49_1",3191,8,2017-10-02,"2017-10",2,"35-39","Non-tradable sectors",NA,1,NA,NA,1,3,"Unemployed"
"49_1",3202,8,2017-12-28,"2017-12",2,"35-39","Non-tradable sectors",NA,1,0,NA,3,NA,"Currently working"
"49_1",3226,17,2018-10-01,"2018-10",2,"35-39","Non-tradable sectors",NA,1,0,6,1,NA,"Currently working"
"5_1",3113,8,2015-09-30,"2015-09",2,"60-64","Non-tradable sectors",NA,5,1,2,5,5,"Retired"
"5_1",3191,8,2017-10-02,"2017-10",2,"60-64","Non-tradable sectors",NA,5,NA,2,3,8,"Retired"
"5_1",3202,8,2017-12-28,"2017-12",2,"60-64","Non-tradable sectors",NA,5,0,2,3,11,"Retired"
"5_1",3226,25,2018-10-01,"2018-10",2,"60-64","Non-tradable sectors",NA,5,1,2,4,6,"Retired"
"51_1",3113,8,2015-09-30,"2015-09",2,"45-49","Non-tradable sectors",NA,2,1,NA,4,NA,"Retired"
"51_1",3191,8,2017-10-02,"2017-10",2,"45-49","Non-tradable sectors",NA,2,NA,5,3,NA,"Currently working"
"51_1",3202,8,2017-12-28,"2017-12",2,"45-49","Non-tradable sectors",NA,2,0,NA,3,7,"Unemployed"
"51_1",3226,8,2018-10-01,"2018-10",2,"45-49","Non-tradable sectors",NA,2,0,NA,3,NA,"Currently working"
"51_2",3113,17,2015-09-30,"2015-09",2,"45-49","Non-tradable sectors",NA,2,0,5,2,7,"Currently working"
"51_2",3191,8,2017-10-02,"2017-10",2,"45-49","Non-tradable sectors",NA,2,0,NA,2,6,"Currently working"
"51_2",3202,8,2017-12-28,"2017-12",2,"45-49","Non-tradable sectors",NA,2,1,4,4,NA,"Currently working"
"51_2",3226,17,2018-10-01,"2018-10",2,"45-49","Non-tradable sectors",NA,2,0,3,4,NA,"Currently working"
"51_3",3113,17,2015-09-30,"2015-09",2,"45-49","Non-tradable sectors",NA,2,0,NA,3,5,"Unemployed"
"51_3",3191,8,2017-10-02,"2017-10",2,"45-49","Non-tradable sectors",NA,2,0,5,3,NA,"Currently working"
"51_3",3202,8,2017-12-28,"2017-12",2,"45-49","Non-tradable sectors",NA,2,1,5,4,NA,"Currently working"
"51_3",3226,43,2018-10-01,"2018-10",2,"45-49","Non-tradable sectors",NA,2,NA,NA,NA,3,"Unemployed"
"52_1",3113,8,2015-09-30,"2015-09",1,"45-49","Non-tradable sectors",NA,2,1,4,4,5,"Unemployed"
"52_1",3191,8,2017-10-02,"2017-10",1,"45-49","Non-tradable sectors",NA,2,0,3,3,7,"Currently working"
"52_1",3202,8,2017-12-28,"2017-12",1,"45-49","Non-tradable sectors",NA,2,0,NA,4,7,"Currently working"
"52_1",3226,8,2018-10-01,"2018-10",1,"45-49","Non-tradable sectors",NA,2,0,1,3,4,"Unemployed"
"52_2",3113,8,2015-09-30,"2015-09",1,"45-49","Non-tradable sectors",NA,2,0,3,3,5,"Retired"
"52_2",3191,8,2017-10-02,"2017-10",1,"45-49","Non-tradable sectors",NA,2,0,3,3,NA,"Currently working"
"52_2",3202,8,2017-12-28,"2017-12",1,"45-49","Non-tradable sectors",NA,2,0,NA,3,8,"Retired"
"52_2",3226,8,2018-10-01,"2018-10",1,"45-49","Non-tradable sectors",NA,2,1,3,3,NA,"Currently working"
"53_1",3113,8,2015-09-30,"2015-09",2,"45-49","Non-tradable sectors",NA,4,NA,6,3,5,"Unemployed"
"53_1",3191,8,2017-10-02,"2017-10",2,"45-49","Non-tradable sectors",NA,4,0,2,5,6,"Unemployed"
"53_1",3202,8,2017-12-28,"2017-12",2,"45-49","Non-tradable sectors",NA,4,NA,NA,4,6,"Currently working"
"53_1",3226,8,2018-10-01,"2018-10",2,"45-49","Non-tradable sectors",NA,4,0,1,4,NA,"Currently working"
"53_2",3113,8,2015-09-30,"2015-09",2,"45-49","Non-tradable sectors",NA,4,1,7,1,5,"Currently working"
"53_2",3191,25,2017-10-02,"2017-10",2,"45-49","Non-tradable sectors",NA,4,NA,5,4,7,"Unemployed"
"53_2",3202,8,2017-12-28,"2017-12",2,"45-49","Non-tradable sectors",NA,4,1,2,4,7,"Unemployed"
"53_2",3226,8,2018-10-01,"2018-10",2,"45-49","Non-tradable sectors",NA,4,NA,3,4,NA,"Currently working"
"53_3",3113,8,2015-09-30,"2015-09",2,"45-49","Non-tradable sectors",NA,4,NA,NA,5,NA,"Unemployed"
"53_3",3191,43,2017-10-02,"2017-10",2,"45-49","Non-tradable sectors",NA,4,0,3,3,NA,"Currently working"
"53_3",3202,8,2017-12-28,"2017-12",2,"45-49","Non-tradable sectors",NA,4,0,5,3,5,"Currently working"
"53_3",3226,8,2018-10-01,"2018-10",2,"45-49","Non-tradable sectors",NA,4,0,5,3,5,"Currently working"
"54_1",3113,8,2015-09-30,"2015-09",1,"45-49","Non-tradable sectors",NA,4,1,4,5,7,"Currently working"
"54_1",3191,8,2017-10-02,"2017-10",1,"45-49","Non-tradable sectors",NA,4,NA,5,3,NA,"Currently working"
"54_1",3202,8,2017-12-28,"2017-12",1,"45-49","Non-tradable sectors",NA,4,NA,5,3,NA,"Currently working"
"54_1",3226,8,2018-10-01,"2018-10",1,"45-49","Non-tradable sectors",NA,4,NA,5,4,3,"Retired"
"54_2",3113,8,2015-09-30,"2015-09",1,"45-49","Non-tradable sectors",NA,4,NA,5,3,NA,"Currently working"
"54_2",3191,25,2017-10-02,"2017-10",1,"45-49","Non-tradable sectors",NA,4,1,2,3,6,"Currently working"
"54_2",3202,8,2017-12-28,"2017-12",1,"45-49","Non-tradable sectors",NA,4,NA,5,4,NA,"Currently working"
"54_2",3226,25,2018-10-01,"2018-10",1,"45-49","Non-tradable sectors",NA,4,1,2,5,6,"Currently working"
"55_1",3113,8,2015-09-30,"2015-09",2,"45-49","Non-tradable sectors",NA,5,1,5,4,NA,"Currently working"
"55_1",3191,8,2017-10-02,"2017-10",2,"45-49","Non-tradable sectors",NA,5,0,3,5,7,"Currently working"
"55_1",3202,8,2017-12-28,"2017-12",2,"45-49","Non-tradable sectors",NA,5,1,6,5,NA,"Currently working"
"55_1",3226,8,2018-10-01,"2018-10",2,"45-49","Non-tradable sectors",NA,5,NA,2,5,6,"Currently working"
"55_2",3113,8,2015-09-30,"2015-09",2,"45-49","Non-tradable sectors",NA,5,0,NA,3,NA,NA
"55_2",3191,8,2017-10-02,"2017-10",2,"45-49","Non-tradable sectors",NA,5,NA,7,3,NA,"Currently working"
"55_2",3202,8,2017-12-28,"2017-12",2,"45-49","Non-tradable sectors",NA,5,1,5,4,NA,"Currently working"
"55_2",3226,8,2018-10-01,"2018-10",2,"45-49","Non-tradable sectors",NA,5,1,4,5,NA,"Currently working"
"56_1",3113,8,2015-09-30,"2015-09",1,"45-49","Non-tradable sectors",NA,5,NA,2,3,4,"Currently working"
"56_1",3191,8,2017-10-02,"2017-10",1,"45-49","Non-tradable sectors",NA,5,0,3,4,5,"Unemployed"
"56_1",3202,8,2017-12-28,"2017-12",1,"45-49","Non-tradable sectors",NA,5,1,1,5,6,"Currently working"
"56_1",3226,8,2018-10-01,"2018-10",1,"45-49","Non-tradable sectors",NA,5,1,3,5,NA,"Currently working"
"56_2",3113,8,2015-09-30,"2015-09",1,"45-49","Non-tradable sectors",NA,5,0,5,3,NA,"Currently working"
"56_2",3191,8,2017-10-02,"2017-10",1,"45-49","Non-tradable sectors",NA,5,NA,2,NA,NA,"Retired"
"56_2",3202,8,2017-12-28,"2017-12",1,"45-49","Non-tradable sectors",NA,5,0,4,1,10,"Currently working"
"56_2",3226,8,2018-10-01,"2018-10",1,"45-49","Non-tradable sectors",NA,5,0,5,2,NA,"Currently working"
"56_3",3113,8,2015-09-30,"2015-09",1,"45-49","Non-tradable sectors",NA,5,1,5,4,7,"Currently working"
"56_3",3191,43,2017-10-02,"2017-10",1,"45-49","Non-tradable sectors",NA,5,1,6,5,9,"Currently working"
"56_3",3202,8,2017-12-28,"2017-12",1,"45-49","Non-tradable sectors",NA,5,NA,2,5,8,"Currently working"
"56_3",3226,8,2018-10-01,"2018-10",1,"45-49","Non-tradable sectors",NA,5,0,5,3,NA,"Retired"
"58_1",3113,8,2015-09-30,"2015-09",1,"45-49","Non-tradable sectors",NA,3,0,5,3,7,"Currently working"
"58_1",3191,8,2017-10-02,"2017-10",1,"45-49","Non-tradable sectors",NA,3,NA,5,3,7,"Currently working"
"58_1",3202,8,2017-12-28,"2017-12",1,"45-49","Non-tradable sectors",NA,3,0,5,3,7,"Currently working"
"58_1",3226,8,2018-10-01,"2018-10",1,"45-49","Non-tradable sectors",NA,3,NA,4,4,NA,"Currently working"
"59_1",3113,8,2015-09-30,"2015-09",2,"45-49","Non-tradable sectors",NA,1,1,5,5,NA,"Currently working"
"59_1",3191,8,2017-10-02,"2017-10",2,"45-49","Non-tradable sectors",NA,1,NA,NA,5,3,NA
"59_1",3202,17,2017-12-28,"2017-12",2,"45-49","Non-tradable sectors",NA,1,0,NA,2,3,"Unemployed"
"59_1",3226,17,2018-10-01,"2018-10",2,"45-49","Non-tradable sectors",NA,1,0,4,1,5,"Currently working"
"6_1",3113,8,2015-09-30,"2015-09",1,"60-64","Non-tradable sectors",NA,5,NA,1,3,7,"Retired"
"6_1",3191,8,2017-10-02,"2017-10",1,"60-64","Non-tradable sectors",NA,5,1,4,4,7,"Currently working"
"6_1",3202,8,2017-12-28,"2017-12",1,"60-64","Non-tradable sectors",NA,5,1,4,4,8,"Retired"
"6_1",3226,8,2018-10-01,"2018-10",1,"60-64","Non-tradable sectors",NA,5,0,5,3,NA,"Retired"
"6_2",3113,8,2015-09-30,"2015-09",1,"60-64","Non-tradable sectors",NA,5,0,3,3,8,"Retired"
"6_2",3191,17,2017-10-02,"2017-10",1,"60-64","Non-tradable sectors",NA,5,1,2,5,NA,"Currently working"
"6_2",3202,8,2017-12-28,"2017-12",1,"60-64","Non-tradable sectors",NA,5,0,2,4,9,"Currently working"
"6_2",3226,8,2018-10-01,"2018-10",1,"60-64","Non-tradable sectors",NA,5,1,2,NA,NA,"Currently working"
"6_3",3113,8,2015-09-30,"2015-09",1,"60-64","Non-tradable sectors",NA,5,1,6,5,NA,"Currently working"
"6_3",3191,25,2017-10-02,"2017-10",1,"60-64","Non-tradable sectors",NA,5,0,1,5,3,"Currently working"
"6_3",3202,8,2017-12-28,"2017-12",1,"60-64","Non-tradable sectors",NA,5,0,7,2,7,"Currently working"
"6_3",3226,8,2018-10-01,"2018-10",1,"60-64","Non-tradable sectors",NA,5,0,4,3,9,"Currently working"
"61_1",3113,8,2015-09-30,"2015-09",2,"18-24","Non-tradable sectors",NA,2,1,NA,3,5,NA
"61_1",3191,8,2017-10-02,"2017-10",2,"18-24","Non-tradable sectors",NA,2,0,7,3,NA,"Currently working"
"61_1",3202,8,2017-12-28,"2017-12",2,"18-24","Non-tradable sectors",NA,2,NA,NA,3,NA,"Currently working"
"61_1",3226,8,2018-10-01,"2018-10",2,"18-24","Non-tradable sectors",NA,2,0,NA,3,3,"Currently working"
"61_2",3113,8,2015-09-30,"2015-09",2,"18-24","Non-tradable sectors",NA,2,NA,NA,1,NA,NA
"61_2",3191,8,2017-10-02,"2017-10",2,"18-24","Non-tradable sectors",NA,2,NA,NA,5,6,"Currently working"
"61_2",3202,8,2017-12-28,"2017-12",2,"18-24","Non-tradable sectors",NA,2,0,NA,4,8,"Currently working"
"61_2",3226,8,2018-10-01,"2018-10",2,"18-24","Non-tradable sectors",NA,2,NA,NA,4,3,"Currently working"
"61_3",3113,17,2015-09-30,"2015-09",2,"18-24","Non-tradable sectors",NA,2,1,5,3,NA,"Currently working"
"61_3",3191,17,2017-10-02,"2017-10",2,"18-24","Non-tradable sectors",NA,2,0,8,1,7,"Currently working"
"61_3",3202,8,2017-12-28,"2017-12",2,"18-24","Non-tradable sectors",NA,2,1,3,4,8,"Currently working"
"61_3",3226,17,2018-10-01,"2018-10",2,"18-24","Non-tradable sectors",NA,2,0,5,1,NA,"Unemployed"
"62_1",3113,8,2015-09-30,"2015-09",1,"18-24","Non-tradable sectors",NA,2,1,NA,4,7,"Unemployed"
"62_1",3191,8,2017-10-02,"2017-10",1,"18-24","Non-tradable sectors",NA,2,NA,NA,3,NA,"Unemployed"
"62_1",3202,8,2017-12-28,"2017-12",1,"18-24","Non-tradable sectors",NA,2,NA,5,4,NA,"Unemployed"
"62_1",3226,8,2018-10-01,"2018-10",1,"18-24","Non-tradable sectors",NA,2,0,5,3,4,"Unemployed"
"62_2",3113,8,2015-09-30,"2015-09",1,"18-24","Non-tradable sectors",NA,2,NA,4,3,NA,"Unemployed"
"62_2",3191,25,2017-10-02,"2017-10",1,"18-24","Non-tradable sectors",NA,2,NA,2,4,NA,NA
"62_2",3202,8,2017-12-28,"2017-12",1,"18-24","Non-tradable sectors",NA,2,NA,5,3,NA,"Currently working"
"62_2",3226,8,2018-10-01,"2018-10",1,"18-24","Non-tradable sectors",NA,2,0,5,1,2,"Unemployed"
"62_3",3113,8,2015-09-30,"2015-09",1,"18-24","Non-tradable sectors",NA,2,0,7,3,NA,"Unemployed"
"62_3",3191,43,2017-10-02,"2017-10",1,"18-24","Non-tradable sectors",NA,2,0,5,3,7,"Unemployed"
"62_3",3202,8,2017-12-28,"2017-12",1,"18-24","Non-tradable sectors",NA,2,1,1,5,NA,"Currently working"
"62_3",3226,8,2018-10-01,"2018-10",1,"18-24","Non-tradable sectors",NA,2,0,4,3,3,"Currently working"
"63_1",3113,8,2015-09-30,"2015-09",2,"18-24","Non-tradable sectors",NA,4,NA,NA,NA,NA,"Currently working"
"63_1",3191,8,2017-10-02,"2017-10",2,"18-24","Non-tradable sectors",NA,4,0,NA,1,6,"Currently working"
"63_1",3202,8,2017-12-28,"2017-12",2,"18-24","Non-tradable sectors",NA,4,1,2,4,6,"Currently working"
"63_1",3226,8,2018-10-01,"2018-10",2,"18-24","Non-tradable sectors",NA,4,NA,NA,3,1,NA
"63_2",3113,8,2015-09-30,"2015-09",2,"18-24","Non-tradable sectors",NA,4,NA,NA,1,NA,NA
"63_2",3191,8,2017-10-02,"2017-10",2,"18-24","Non-tradable sectors",NA,4,NA,NA,3,NA,"Currently working"
"63_2",3202,8,2017-12-28,"2017-12",2,"18-24","Non-tradable sectors",NA,4,1,2,4,6,"Currently working"
"63_2",3226,8,2018-10-01,"2018-10",2,"18-24","Non-tradable sectors",NA,4,0,6,3,2,"Currently working"
"63_3",3113,8,2015-09-30,"2015-09",2,"18-24","Non-tradable sectors",NA,4,1,4,4,NA,NA
"63_3",3191,17,2017-10-02,"2017-10",2,"18-24","Non-tradable sectors",NA,4,NA,5,3,NA,"Currently working"
"63_3",3202,8,2017-12-28,"2017-12",2,"18-24","Non-tradable sectors",NA,4,1,4,4,NA,"Currently working"
"63_3",3226,8,2018-10-01,"2018-10",2,"18-24","Non-tradable sectors",NA,4,1,3,5,1,NA
"63_4",3113,8,2015-09-30,"2015-09",2,"18-24","Non-tradable sectors",NA,4,NA,2,3,7,"Currently working"
"63_4",3191,43,2017-10-02,"2017-10",2,"18-24","Non-tradable sectors",NA,4,NA,NA,3,2,"Currently working"
"63_4",3202,8,2017-12-28,"2017-12",2,"18-24","Non-tradable sectors",NA,4,1,2,5,NA,NA
"63_4",3226,8,2018-10-01,"2018-10",2,"18-24","Non-tradable sectors",NA,4,0,NA,3,4,"Currently working"
"64_1",3113,8,2015-09-30,"2015-09",1,"18-24","Non-tradable sectors",NA,4,1,3,4,5,"Currently working"
"64_1",3191,8,2017-10-02,"2017-10",1,"18-24","Non-tradable sectors",NA,4,NA,3,NA,NA,"Unemployed"
"64_1",3202,8,2017-12-28,"2017-12",1,"18-24","Non-tradable sectors",NA,4,0,2,4,6,"Currently working"
"64_1",3226,8,2018-10-01,"2018-10",1,"18-24","Non-tradable sectors",NA,4,0,5,NA,1,"Unemployed"
"64_2",3113,8,2015-09-30,"2015-09",1,"18-24","Non-tradable sectors",NA,4,0,6,3,NA,"Currently working"
"64_2",3191,8,2017-10-02,"2017-10",1,"18-24","Non-tradable sectors",NA,4,NA,6,3,6,"Currently working"
"64_2",3202,8,2017-12-28,"2017-12",1,"18-24","Non-tradable sectors",NA,4,1,3,5,NA,"Unemployed"
"64_2",3226,8,2018-10-01,"2018-10",1,"18-24","Non-tradable sectors",NA,4,NA,NA,3,4,"Currently working"
"64_3",3113,8,2015-09-30,"2015-09",1,"18-24","Non-tradable sectors",NA,4,NA,NA,3,NA,NA
"64_3",3191,8,2017-10-02,"2017-10",1,"18-24","Non-tradable sectors",NA,4,0,8,2,NA,NA
"64_3",3202,8,2017-12-28,"2017-12",1,"18-24","Non-tradable sectors",NA,4,NA,NA,3,NA,"Unemployed"
"64_3",3226,8,2018-10-01,"2018-10",1,"18-24","Non-tradable sectors",NA,4,0,4,3,2,NA
"65_1",3113,8,2015-09-30,"2015-09",2,"18-24","Non-tradable sectors",NA,5,1,NA,3,NA,"Currently working"
"65_1",3191,8,2017-10-02,"2017-10",2,"18-24","Non-tradable sectors",NA,5,NA,3,5,7,"Currently working"
"65_1",3202,8,2017-12-28,"2017-12",2,"18-24","Non-tradable sectors",NA,5,1,2,5,NA,"Currently working"
"65_1",3226,8,2018-10-01,"2018-10",2,"18-24","Non-tradable sectors",NA,5,NA,2,NA,4,"Currently working"
"65_2",3113,43,2015-09-30,"2015-09",2,"18-24","Non-tradable sectors",NA,5,1,2,5,NA,NA
"65_2",3191,8,2017-10-02,"2017-10",2,"18-24","Non-tradable sectors",NA,5,1,3,5,NA,NA
"65_2",3202,8,2017-12-28,"2017-12",2,"18-24","Non-tradable sectors",NA,5,1,2,5,5,"Currently working"
"65_2",3226,8,2018-10-01,"2018-10",2,"18-24","Non-tradable sectors",NA,5,0,5,3,NA,"Currently working"
"66_1",3113,8,2015-09-30,"2015-09",1,"18-24","Non-tradable sectors",NA,5,0,3,3,8,NA
"66_1",3191,8,2017-10-02,"2017-10",1,"18-24","Non-tradable sectors",NA,5,0,5,2,3,"Unemployed"
"66_1",3202,8,2017-12-28,"2017-12",1,"18-24","Non-tradable sectors",NA,5,0,6,1,NA,"Currently working"
"66_1",3226,8,2018-10-01,"2018-10",1,"18-24","Non-tradable sectors",NA,5,0,2,4,5,"Currently working"
"67_1",3113,8,2015-09-30,"2015-09",2,"18-24","Non-tradable sectors",NA,3,0,5,4,NA,"Currently working"
"67_1",3191,8,2017-10-02,"2017-10",2,"18-24","Non-tradable sectors",NA,3,0,5,3,NA,NA
"67_1",3202,8,2017-12-28,"2017-12",2,"18-24","Non-tradable sectors",NA,3,1,2,4,NA,"Currently working"
"67_1",3226,8,2018-10-01,"2018-10",2,"18-24","Non-tradable sectors",NA,3,1,1,NA,3,"Currently working"
"67_2",3113,8,2015-09-30,"2015-09",2,"18-24","Non-tradable sectors",NA,3,1,2,4,9,NA
"67_2",3191,8,2017-10-02,"2017-10",2,"18-24","Non-tradable sectors",NA,3,1,3,5,NA,"Currently working"
"67_2",3202,8,2017-12-28,"2017-12",2,"18-24","Non-tradable sectors",NA,3,1,3,5,NA,"Currently working"
"67_2",3226,8,2018-10-01,"2018-10",2,"18-24","Non-tradable sectors",NA,3,0,NA,4,3,NA
"67_3",3113,8,2015-09-30,"2015-09",2,"18-24","Non-tradable sectors",NA,3,1,3,4,6,NA
"67_3",3191,8,2017-10-02,"2017-10",2,"18-24","Non-tradable sectors",NA,3,NA,5,3,NA,NA
"67_3",3202,8,2017-12-28,"2017-12",2,"18-24","Non-tradable sectors",NA,3,1,NA,5,NA,NA
"67_3",3226,8,2018-10-01,"2018-10",2,"18-24","Non-tradable sectors",NA,3,0,1,2,3,"Currently working"
"67_4",3113,8,2015-09-30,"2015-09",2,"18-24","Non-tradable sectors",NA,3,0,5,3,NA,"Currently working"
"67_4",3191,8,2017-10-02,"2017-10",2,"18-24","Non-tradable sectors",NA,3,0,2,4,6,NA
"67_4",3202,8,2017-12-28,"2017-12",2,"18-24","Non-tradable sectors",NA,3,1,2,4,NA,NA
"67_4",3226,8,2018-10-01,"2018-10",2,"18-24","Non-tradable sectors",NA,3,1,2,5,2,NA
"67_5",3113,8,2015-09-30,"2015-09",2,"18-24","Non-tradable sectors",NA,3,0,4,3,NA,NA
"67_5",3191,8,2017-10-02,"2017-10",2,"18-24","Non-tradable sectors",NA,3,0,4,4,NA,NA
"67_5",3202,8,2017-12-28,"2017-12",2,"18-24","Non-tradable sectors",NA,3,0,5,3,5,"Currently working"
"67_5",3226,8,2018-10-01,"2018-10",2,"18-24","Non-tradable sectors",NA,3,NA,4,1,1,NA
"67_6",3113,8,2015-09-30,"2015-09",2,"18-24","Non-tradable sectors",NA,3,1,NA,5,8,NA
"67_6",3191,25,2017-10-02,"2017-10",2,"18-24","Non-tradable sectors",NA,3,1,3,5,NA,NA
"67_6",3202,8,2017-12-28,"2017-12",2,"18-24","Non-tradable sectors",NA,3,1,2,5,8,NA
"67_6",3226,8,2018-10-01,"2018-10",2,"18-24","Non-tradable sectors",NA,3,0,2,4,1,"Unemployed"
"68_1",3113,8,2015-09-30,"2015-09",1,"18-24","Non-tradable sectors",NA,3,0,2,3,NA,NA
"68_1",3191,8,2017-10-02,"2017-10",1,"18-24","Non-tradable sectors",NA,3,NA,8,3,7,NA
"68_1",3202,8,2017-12-28,"2017-12",1,"18-24","Non-tradable sectors",NA,3,0,6,2,NA,NA
"68_1",3226,8,2018-10-01,"2018-10",1,"18-24","Non-tradable sectors",NA,3,0,2,3,1,NA
"68_2",3113,8,2015-09-30,"2015-09",1,"18-24","Non-tradable sectors",NA,3,1,3,5,9,NA
"68_2",3191,8,2017-10-02,"2017-10",1,"18-24","Non-tradable sectors",NA,3,1,2,5,NA,"Currently working"
"68_2",3202,8,2017-12-28,"2017-12",1,"18-24","Non-tradable sectors",NA,3,1,2,4,NA,NA
"68_2",3226,8,2018-10-01,"2018-10",1,"18-24","Non-tradable sectors",NA,3,0,1,5,1,NA
"7_1",3113,8,2015-09-30,"2015-09",2,"60-64","Non-tradable sectors",NA,3,1,2,4,6,"Unemployed"
"7_1",3191,8,2017-10-02,"2017-10",2,"60-64","Non-tradable sectors",NA,3,0,4,3,NA,"Currently working"
"7_1",3202,8,2017-12-28,"2017-12",2,"60-64","Non-tradable sectors",NA,3,0,4,4,7,NA
"7_1",3226,8,2018-10-01,"2018-10",2,"60-64","Non-tradable sectors",NA,3,0,3,3,2,"Unemployed"
"7_2",3113,25,2015-09-30,"2015-09",2,"60-64","Non-tradable sectors",NA,3,1,1,4,NA,"Retired"
"7_2",3191,8,2017-10-02,"2017-10",2,"60-64","Non-tradable sectors",NA,3,1,5,4,NA,"Retired"
"7_2",3202,8,2017-12-28,"2017-12",2,"60-64","Non-tradable sectors",NA,3,NA,6,4,NA,"Retired"
"7_2",3226,17,2018-10-01,"2018-10",2,"60-64","Non-tradable sectors",NA,3,1,4,4,6,"Retired"
"71_1",3113,8,2015-09-30,"2015-09",2,"50-54","Non-tradable sectors",NA,2,1,1,5,NA,"Unemployed"
"71_1",3191,8,2017-10-02,"2017-10",2,"50-54","Non-tradable sectors",NA,2,0,5,2,6,"Unemployed"
"71_1",3202,8,2017-12-28,"2017-12",2,"50-54","Non-tradable sectors",NA,2,1,2,4,5,"Currently working"
"71_1",3226,8,2018-10-01,"2018-10",2,"50-54","Non-tradable sectors",NA,2,1,3,5,NA,"Retired"
"71_2",3113,8,2015-09-30,"2015-09",2,"50-54","Non-tradable sectors",NA,2,0,5,4,NA,"Unemployed"
"71_2",3191,8,2017-10-02,"2017-10",2,"50-54","Non-tradable sectors",NA,2,NA,3,4,NA,"Currently working"
"71_2",3202,8,2017-12-28,"2017-12",2,"50-54","Non-tradable sectors",NA,2,0,3,3,6,NA
"71_2",3226,8,2018-10-01,"2018-10",2,"50-54","Non-tradable sectors",NA,2,NA,4,3,NA,"Currently working"
"72_1",3113,8,2015-09-30,"2015-09",1,"50-54","Non-tradable sectors",NA,2,1,3,3,6,"Currently working"
"72_1",3191,8,2017-10-02,"2017-10",1,"50-54","Non-tradable sectors",NA,2,0,NA,3,6,"Retired"
"72_1",3202,8,2017-12-28,"2017-12",1,"50-54","Non-tradable sectors",NA,2,0,NA,3,NA,"Retired"
"72_1",3226,8,2018-10-01,"2018-10",1,"50-54","Non-tradable sectors",NA,2,0,8,1,NA,"Currently working"
"72_2",3113,8,2015-09-30,"2015-09",1,"50-54","Non-tradable sectors",NA,2,0,NA,3,5,"Currently working"
"72_2",3191,17,2017-10-02,"2017-10",1,"50-54","Non-tradable sectors",NA,2,NA,4,4,5,"Unemployed"
"72_2",3202,8,2017-12-28,"2017-12",1,"50-54","Non-tradable sectors",NA,2,0,6,3,4,"Unemployed"
"72_2",3226,8,2018-10-01,"2018-10",1,"50-54","Non-tradable sectors",NA,2,0,3,3,5,"Currently working"
"73_1",3113,8,2015-09-30,"2015-09",2,"50-54","Non-tradable sectors",NA,4,1,4,3,NA,"Currently working"
"73_1",3191,8,2017-10-02,"2017-10",2,"50-54","Non-tradable sectors",NA,4,0,NA,3,5,"Currently working"
"73_1",3202,8,2017-12-28,"2017-12",2,"50-54","Non-tradable sectors",NA,4,0,3,4,NA,"Currently working"
"73_1",3226,8,2018-10-01,"2018-10",2,"50-54","Non-tradable sectors",NA,4,NA,5,3,NA,"Currently working"
"73_2",3113,8,2015-09-30,"2015-09",2,"50-54","Non-tradable sectors",NA,4,1,1,5,4,"Unemployed"
"73_2",3191,8,2017-10-02,"2017-10",2,"50-54","Non-tradable sectors",NA,4,0,NA,3,5,"Currently working"
"73_2",3202,8,2017-12-28,"2017-12",2,"50-54","Non-tradable sectors",NA,4,0,5,3,NA,"Currently working"
"73_2",3226,8,2018-10-01,"2018-10",2,"50-54","Non-tradable sectors",NA,4,1,2,4,NA,"Currently working"
"73_3",3113,8,2015-09-30,"2015-09",2,"50-54","Non-tradable sectors",NA,4,1,2,5,NA,"Retired"
"73_3",3191,8,2017-10-02,"2017-10",2,"50-54","Non-tradable sectors",NA,4,0,2,4,NA,"Unemployed"
"73_3",3202,8,2017-12-28,"2017-12",2,"50-54","Non-tradable sectors",NA,4,1,3,5,8,"Currently working"
"73_3",3226,8,2018-10-01,"2018-10",2,"50-54","Non-tradable sectors",NA,4,NA,NA,3,1,NA
"73_4",3113,8,2015-09-30,"2015-09",2,"50-54","Non-tradable sectors",NA,4,0,4,3,6,"Unemployed"
"73_4",3191,8,2017-10-02,"2017-10",2,"50-54","Non-tradable sectors",NA,4,0,7,3,6,"Currently working"
"73_4",3202,8,2017-12-28,"2017-12",2,"50-54","Non-tradable sectors",NA,4,0,7,4,6,"Unemployed"
"73_4",3226,8,2018-10-01,"2018-10",2,"50-54","Non-tradable sectors",NA,4,0,2,3,3,"Retired"
"73_5",3113,8,2015-09-30,"2015-09",2,"50-54","Non-tradable sectors",NA,4,NA,5,3,NA,NA
"73_5",3191,17,2017-10-02,"2017-10",2,"50-54","Non-tradable sectors",NA,4,NA,9,3,4,"Currently working"
"73_5",3202,8,2017-12-28,"2017-12",2,"50-54","Non-tradable sectors",NA,4,0,7,3,NA,"Unemployed"
"73_5",3226,8,2018-10-01,"2018-10",2,"50-54","Non-tradable sectors",NA,4,0,2,3,NA,"Currently working"
"74_1",3113,8,2015-09-30,"2015-09",1,"50-54","Non-tradable sectors",NA,4,0,8,2,5,"Currently working"
"74_1",3191,8,2017-10-02,"2017-10",1,"50-54","Non-tradable sectors",NA,4,0,4,3,5,"Currently working"
"74_1",3202,8,2017-12-28,"2017-12",1,"50-54","Non-tradable sectors",NA,4,1,2,4,6,"Currently working"
"74_1",3226,17,2018-10-01,"2018-10",1,"50-54","Non-tradable sectors",NA,4,1,2,5,6,"Currently working"
"74_2",3113,8,2015-09-30,"2015-09",1,"50-54","Non-tradable sectors",NA,4,1,6,NA,10,"Currently working"
"74_2",3191,8,2017-10-02,"2017-10",1,"50-54","Non-tradable sectors",NA,4,0,5,3,NA,"Currently working"
"74_2",3202,8,2017-12-28,"2017-12",1,"50-54","Non-tradable sectors",NA,4,0,10,3,8,"Currently working"
"74_2",3226,25,2018-10-01,"2018-10",1,"50-54","Non-tradable sectors",NA,4,1,3,4,6,"Currently working"
"75_1",3113,8,2015-09-30,"2015-09",2,"50-54","Non-tradable sectors",NA,5,NA,3,4,NA,NA
"75_1",3191,8,2017-10-02,"2017-10",2,"50-54","Non-tradable sectors",NA,5,1,3,5,8,"Retired"
"75_1",3202,8,2017-12-28,"2017-12",2,"50-54","Non-tradable sectors",NA,5,0,3,3,9,"Currently working"
"75_1",3226,8,2018-10-01,"2018-10",2,"50-54","Non-tradable sectors",NA,5,NA,1,4,6,"Currently working"
"75_2",3113,8,2015-09-30,"2015-09",2,"50-54","Non-tradable sectors",NA,5,NA,3,NA,NA,"Currently working"
"75_2",3191,8,2017-10-02,"2017-10",2,"50-54","Non-tradable sectors",NA,5,0,3,3,NA,"Currently working"
"75_2",3202,8,2017-12-28,"2017-12",2,"50-54","Non-tradable sectors",NA,5,0,1,3,6,"Currently working"
"75_2",3226,8,2018-10-01,"2018-10",2,"50-54","Non-tradable sectors",NA,5,0,4,3,NA,"Currently working"
"75_3",3113,8,2015-09-30,"2015-09",2,"50-54","Non-tradable sectors",NA,5,0,3,4,9,"Currently working"
"75_3",3191,8,2017-10-02,"2017-10",2,"50-54","Non-tradable sectors",NA,5,0,7,3,NA,"Unemployed"
"75_3",3202,8,2017-12-28,"2017-12",2,"50-54","Non-tradable sectors",NA,5,0,2,4,NA,"Currently working"
"75_3",3226,17,2018-10-01,"2018-10",2,"50-54","Non-tradable sectors",NA,5,1,4,5,7,"Currently working"
"77_1",3113,8,2015-09-30,"2015-09",2,"50-54","Non-tradable sectors",NA,3,1,3,5,4,"Unemployed"
"77_1",3191,8,2017-10-02,"2017-10",2,"50-54","Non-tradable sectors",NA,3,1,5,5,8,"Currently working"
"77_1",3202,8,2017-12-28,"2017-12",2,"50-54","Non-tradable sectors",NA,3,0,5,3,7,"Currently working"
"77_1",3226,8,2018-10-01,"2018-10",2,"50-54","Non-tradable sectors",NA,3,0,7,NA,5,"Currently working"
"77_2",3113,8,2015-09-30,"2015-09",2,"50-54","Non-tradable sectors",NA,3,0,5,3,6,"Currently working"
"77_2",3191,8,2017-10-02,"2017-10",2,"50-54","Non-tradable sectors",NA,3,0,4,3,NA,"Unemployed"
"77_2",3202,8,2017-12-28,"2017-12",2,"50-54","Non-tradable sectors",NA,3,0,3,3,9,"Currently working"
"77_2",3226,8,2018-10-01,"2018-10",2,"50-54","Non-tradable sectors",NA,3,0,4,1,NA,"Currently working"
"78_1",3113,8,2015-09-30,"2015-09",1,"50-54","Non-tradable sectors",NA,3,1,2,4,5,"Currently working"
"78_1",3191,17,2017-10-02,"2017-10",1,"50-54","Non-tradable sectors",NA,3,0,5,4,5,"Currently working"
"78_1",3202,8,2017-12-28,"2017-12",1,"50-54","Non-tradable sectors",NA,3,1,1,5,6,"Currently working"
"78_1",3226,8,2018-10-01,"2018-10",1,"50-54","Non-tradable sectors",NA,3,0,5,NA,NA,"Currently working"
"78_2",3113,8,2015-09-30,"2015-09",1,"50-54","Non-tradable sectors",NA,3,0,3,4,NA,"Currently working"
"78_2",3191,25,2017-10-02,"2017-10",1,"50-54","Non-tradable sectors",NA,3,0,1,4,4,"Currently working"
"78_2",3202,8,2017-12-28,"2017-12",1,"50-54","Non-tradable sectors",NA,3,NA,8,1,5,"Currently working"
"78_2",3226,8,2018-10-01,"2018-10",1,"50-54","Non-tradable sectors",NA,3,0,3,4,3,"Unemployed"
"8_1",3113,8,2015-09-30,"2015-09",1,"60-64","Non-tradable sectors",NA,3,0,7,3,5,"Retired"
"8_1",3191,8,2017-10-02,"2017-10",1,"60-64","Non-tradable sectors",NA,3,NA,5,4,NA,"Currently working"
"8_1",3202,8,2017-12-28,"2017-12",1,"60-64","Non-tradable sectors",NA,3,0,5,3,NA,"Currently working"
"8_1",3226,8,2018-10-01,"2018-10",1,"60-64","Non-tradable sectors",NA,3,1,3,5,NA,"Currently working"
"8_2",3113,8,2015-09-30,"2015-09",1,"60-64","Non-tradable sectors",NA,3,0,4,3,7,"Unemployed"
"8_2",3191,8,2017-10-02,"2017-10",1,"60-64","Non-tradable sectors",NA,3,0,1,4,9,"Retired"
"8_2",3202,8,2017-12-28,"2017-12",1,"60-64","Non-tradable sectors",NA,3,0,6,4,8,"Currently working"
"8_2",3226,8,2018-10-01,"2018-10",1,"60-64","Non-tradable sectors",NA,3,1,3,5,NA,"Retired"
"8_3",3113,25,2015-09-30,"2015-09",1,"60-64","Non-tradable sectors",NA,3,1,2,4,5,"Unemployed"
"8_3",3191,43,2017-10-02,"2017-10",1,"60-64","Non-tradable sectors",NA,3,0,2,4,9,"Currently working"
"8_3",3202,8,2017-12-28,"2017-12",1,"60-64","Non-tradable sectors",NA,3,NA,NA,1,6,"Retired"
"8_3",3226,8,2018-10-01,"2018-10",1,"60-64","Non-tradable sectors",NA,3,1,2,5,5,"Unemployed"
"81_1",3113,8,2015-09-30,"2015-09",2,"55-59","Non-tradable sectors",NA,2,0,1,3,7,"Currently working"
"81_1",3191,8,2017-10-02,"2017-10",2,"55-59","Non-tradable sectors",NA,2,1,3,4,NA,"Unemployed"
"81_1",3202,8,2017-12-28,"2017-12",2,"55-59","Non-tradable sectors",NA,2,0,7,3,NA,"Currently working"
"81_1",3226,8,2018-10-01,"2018-10",2,"55-59","Non-tradable sectors",NA,2,0,5,1,1,"Unemployed"
"81_2",3113,8,2015-09-30,"2015-09",2,"55-59","Non-tradable sectors",NA,2,0,5,3,NA,"Retired"
"81_2",3191,8,2017-10-02,"2017-10",2,"55-59","Non-tradable sectors",NA,2,0,3,5,6,"Currently working"
"81_2",3202,8,2017-12-28,"2017-12",2,"55-59","Non-tradable sectors",NA,2,NA,NA,3,NA,"Currently working"
"81_2",3226,17,2018-10-01,"2018-10",2,"55-59","Non-tradable sectors",NA,2,1,2,4,5,"Currently working"
"81_3",3113,8,2015-09-30,"2015-09",2,"55-59","Non-tradable sectors",NA,2,NA,5,3,6,"Currently working"
"81_3",3191,17,2017-10-02,"2017-10",2,"55-59","Non-tradable sectors",NA,2,0,1,3,4,"Currently working"
"81_3",3202,8,2017-12-28,"2017-12",2,"55-59","Non-tradable sectors",NA,2,0,5,4,6,"Currently working"
"81_3",3226,43,2018-10-01,"2018-10",2,"55-59","Non-tradable sectors",NA,2,0,NA,3,3,"Unemployed"
"82_1",3113,8,2015-09-30,"2015-09",1,"55-59","Non-tradable sectors",NA,2,1,1,4,5,"Currently working"
"82_1",3191,17,2017-10-02,"2017-10",1,"55-59","Non-tradable sectors",NA,2,NA,NA,5,NA,"Currently working"
"82_1",3202,8,2017-12-28,"2017-12",1,"55-59","Non-tradable sectors",NA,2,1,3,3,5,"Unemployed"
"82_1",3226,8,2018-10-01,"2018-10",1,"55-59","Non-tradable sectors",NA,2,0,6,3,3,"Unemployed"
"83_1",3113,8,2015-09-30,"2015-09",2,"55-59","Non-tradable sectors",NA,4,1,1,4,5,"Currently working"
"83_1",3191,8,2017-10-02,"2017-10",2,"55-59","Non-tradable sectors",NA,4,0,2,3,6,"Unemployed"
"83_1",3202,8,2017-12-28,"2017-12",2,"55-59","Non-tradable sectors",NA,4,0,3,NA,7,"Unemployed"
"83_1",3226,8,2018-10-01,"2018-10",2,"55-59","Non-tradable sectors",NA,4,0,NA,3,NA,"Currently working"
"84_1",3113,8,2015-09-30,"2015-09",1,"55-59","Non-tradable sectors",NA,4,0,5,3,6,"Currently working"
"84_1",3191,8,2017-10-02,"2017-10",1,"55-59","Non-tradable sectors",NA,4,NA,NA,2,4,"Retired"
"84_1",3202,8,2017-12-28,"2017-12",1,"55-59","Non-tradable sectors",NA,4,0,1,3,NA,"Currently working"
"84_1",3226,8,2018-10-01,"2018-10",1,"55-59","Non-tradable sectors",NA,4,0,2,3,NA,"Currently working"
"84_2",3113,43,2015-09-30,"2015-09",1,"55-59","Non-tradable sectors",NA,4,1,3,4,7,"Retired"
"84_2",3191,8,2017-10-02,"2017-10",1,"55-59","Non-tradable sectors",NA,4,0,5,1,7,"Currently working"
"84_2",3202,8,2017-12-28,"2017-12",1,"55-59","Non-tradable sectors",NA,4,1,3,5,8,"Currently working"
"84_2",3226,8,2018-10-01,"2018-10",1,"55-59","Non-tradable sectors",NA,4,0,4,3,NA,"Currently working"
"85_1",3113,8,2015-09-30,"2015-09",2,"55-59","Non-tradable sectors",NA,5,0,2,3,8,"Currently working"
"85_1",3191,8,2017-10-02,"2017-10",2,"55-59","Non-tradable sectors",NA,5,0,6,1,11,"Currently working"
"85_1",3202,8,2017-12-28,"2017-12",2,"55-59","Non-tradable sectors",NA,5,1,4,4,NA,"Currently working"
"85_1",3226,8,2018-10-01,"2018-10",2,"55-59","Non-tradable sectors",NA,5,1,5,4,7,"Currently working"
"85_2",3113,8,2015-09-30,"2015-09",2,"55-59","Non-tradable sectors",NA,5,0,2,NA,9,"Currently working"
"85_2",3191,8,2017-10-02,"2017-10",2,"55-59","Non-tradable sectors",NA,5,NA,3,5,10,"Currently working"
"85_2",3202,8,2017-12-28,"2017-12",2,"55-59","Non-tradable sectors",NA,5,0,4,3,NA,"Currently working"
"85_2",3226,8,2018-10-01,"2018-10",2,"55-59","Non-tradable sectors",NA,5,NA,3,5,NA,"Currently working"
"85_3",3113,8,2015-09-30,"2015-09",2,"55-59","Non-tradable sectors",NA,5,1,3,5,9,"Retired"
"85_3",3191,8,2017-10-02,"2017-10",2,"55-59","Non-tradable sectors",NA,5,NA,NA,NA,9,"Currently working"
"85_3",3202,8,2017-12-28,"2017-12",2,"55-59","Non-tradable sectors",NA,5,NA,4,3,7,"Currently working"
"85_3",3226,8,2018-10-01,"2018-10",2,"55-59","Non-tradable sectors",NA,5,NA,5,4,8,"Currently working"
"86_1",3113,8,2015-09-30,"2015-09",1,"55-59","Non-tradable sectors",NA,5,1,5,5,8,"Currently working"
"86_1",3191,8,2017-10-02,"2017-10",1,"55-59","Non-tradable sectors",NA,5,NA,5,3,NA,"Currently working"
"86_1",3202,8,2017-12-28,"2017-12",1,"55-59","Non-tradable sectors",NA,5,1,2,5,NA,"Currently working"
"86_1",3226,8,2018-10-01,"2018-10",1,"55-59","Non-tradable sectors",NA,5,0,3,4,4,"Unemployed"
"87_1",3113,8,2015-09-30,"2015-09",2,"55-59","Non-tradable sectors",NA,3,1,4,5,8,NA
"87_1",3191,8,2017-10-02,"2017-10",2,"55-59","Non-tradable sectors",NA,3,NA,NA,1,6,"Currently working"
"87_1",3202,8,2017-12-28,"2017-12",2,"55-59","Non-tradable sectors",NA,3,0,NA,3,7,"Unemployed"
"87_1",3226,8,2018-10-01,"2018-10",2,"55-59","Non-tradable sectors",NA,3,0,3,4,6,"Currently working"
"89_1",3113,8,2015-09-30,"2015-09",2,"55-59","Non-tradable sectors",NA,1,0,5,3,6,"Currently working"
"89_1",3191,8,2017-10-02,"2017-10",2,"55-59","Non-tradable sectors",NA,1,0,7,3,NA,"Retired"
"89_1",3202,8,2017-12-28,"2017-12",2,"55-59","Non-tradable sectors",NA,1,0,2,2,3,"Unemployed"
"89_1",3226,8,2018-10-01,"2018-10",2,"55-59","Non-tradable sectors",NA,1,1,3,4,2,"Unemployed"
"9_1",3113,8,2015-09-30,"2015-09",2,"60-64","Non-tradable sectors",NA,1,NA,NA,3,NA,"Retired"
"9_1",3191,8,2017-10-02,"2017-10",2,"60-64","Non-tradable sectors",NA,1,NA,NA,3,NA,NA
"9_1",3202,8,2017-12-28,"2017-12",2,"60-64","Non-tradable sectors",NA,1,0,4,3,5,"Unemployed"
"9_1",3226,8,2018-10-01,"2018-10",2,"60-64","Non-tradable sectors",NA,1,0,3,3,NA,"Currently working"
"9_2",3113,8,2015-09-30,"2015-09",2,"60-64","Non-tradable sectors",NA,1,NA,NA,3,NA,"Currently working"
"9_2",3191,8,2017-10-02,"2017-10",2,"60-64","Non-tradable sectors",NA,1,0,3,4,5,NA
"9_2",3202,8,2017-12-28,"2017-12",2,"60-64","Non-tradable sectors",NA,1,0,4,4,7,"Currently working"
"9_2",3226,8,2018-10-01,"2018-10",2,"60-64","Non-tradable sectors",NA,1,0,1,4,NA,"Retired"
"9_3",3113,8,2015-09-30,"2015-09",2,"60-64","Non-tradable sectors",NA,1,0,8,1,5,NA
"9_3",3191,25,2017-10-02,"2017-10",2,"60-64","Non-tradable sectors",NA,1,NA,3,2,NA,"Currently working"
"9_3",3202,8,2017-12-28,"2017-12",2,"60-64","Non-tradable sectors",NA,1,0,7,2,5,NA
"9_3",3226,8,2018-10-01,"2018-10",2,"60-64","Non-tradable sectors",NA,1,0,2,3,NA,"Retired"
"94_1",3113,8,2015-09-30,"2015-09",1,"80+","Non-tradable sectors",NA,4,0,6,1,5,"Retired"
"94_1",3191,8,2017-10-02,"2017-10",1,"80+","Non-tradable sectors",NA,4,NA,NA,3,NA,"Retired"
"94_1",3202,8,2017-12-28,"2017-12",1,"80+","Non-tradable sectors",NA,4,NA,NA,3,NA,"Retired"
"94_1",3226,8,2018-10-01,"2018-10",1,"80+","Non-tradable sectors",NA,4,1,1,4,4,"Retired"
"99_1",3113,8,2015-09-30,"2015-09",2,"80+","Non-tradable sectors",NA,1,1,5,5,3,"Retired"
"99_1",3191,8,2017-10-02,"2017-10",2,"80+","Non-tradable sectors",NA,1,1,1,5,NA,"Retired"
"99_1",3202,8,2017-12-28,"2017-12",2,"80+","Non-tradable sectors",NA,1,0,4,3,4,"Retired"
"99_1",3226,8,2018-10-01,"2018-10",2,"80+","Non-tradable sectors",NA,1,1,4,5,5,"Retired"
"99_2",3113,8,2015-09-30,"2015-09",2,"80+","Non-tradable sectors",NA,1,NA,NA,3,4,"Retired"
"99_2",3191,8,2017-10-02,"2017-10",2,"80+","Non-tradable sectors",NA,1,0,NA,3,NA,"Retired"
"99_2",3202,8,2017-12-28,"2017-12",2,"80+","Non-tradable sectors",NA,1,1,3,5,5,"Retired"
"99_2",3226,8,2018-10-01,"2018-10",2,"80+","Non-tradable sectors",NA,1,0,NA,3,3,"Retired"
"99_3",3113,8,2015-09-30,"2015-09",2,"80+","Non-tradable sectors",NA,1,1,NA,5,4,"Retired"
"99_3",3191,8,2017-10-02,"2017-10",2,"80+","Non-tradable sectors",NA,1,0,3,4,5,"Retired"
"99_3",3202,8,2017-12-28,"2017-12",2,"80+","Non-tradable sectors",NA,1,NA,NA,3,5,"Retired"
"99_3",3226,8,2018-10-01,"2018-10",2,"80+","Non-tradable sectors",NA,1,0,6,3,1,NA
"99_4",3113,8,2015-09-30,"2015-09",2,"80+","Non-tradable sectors",NA,1,NA,8,1,NA,"Retired"
"99_4",3191,25,2017-10-02,"2017-10",2,"80+","Non-tradable sectors",NA,1,0,10,1,5,"Retired"
"99_4",3202,8,2017-12-28,"2017-12",2,"80+","Non-tradable sectors",NA,1,NA,8,2,4,"Retired"
"99_4",3226,8,2018-10-01,"2018-10",2,"80+","Non-tradable sectors",NA,1,NA,5,4,NA,"Retired"
